PC1,PC2,quality,wine_type
-3.2057494326395677,0.41649126855830154,5,Tinto
-3.0388169235728593,1.1073768944663314,5,Tinto
-3.071657055759917,0.8788967893846612,5,Tinto
-1.5711412091774446,2.112381967072128,6,Tinto
-3.2057494326395677,0.41649126855830154,5,Tinto
-3.0119338405934193,0.3893675311679498,5,Tinto
-2.150538602182825,0.32358130994020884,5,Tinto
-2.710973453019164,-0.6533605648186172,7,Tinto
-2.9450374015469807,0.33148565425743065,7,Tinto
-1.6602148081671007,1.1646796155602441,5,Tinto
-2.1334484525875776,0.40134783499567894,5,Tinto
-1.6602148081671007,1.1646796155602441,5,Tinto
-2.478414152079428,-0.952188099287505,5,Tinto
-4.799181542385103,2.6969145131785934,5,Tinto
-1.996259576759439,3.33011165201523,5,Tinto
-2.039656446818115,3.350970215324594,5,Tinto
-0.986473032463701,1.2933803005956022,7,Tinto
-5.69399436078943,4.678930161599818,5,Tinto
-2.5959083775618224,0.8010019528928775,4,Tinto
-4.107817771687026,4.382472559084053,6,Tinto
-0.9854310655197739,1.0664677999108403,6,Tinto
-1.8350285622159745,0.8927427139084326,5,Tinto
-2.9421755665991847,1.3758780685684244,5,Tinto
-2.0717694003213327,0.9294483740225263,5,Tinto
-2.0580253925032843,0.2706091716260743,6,Tinto
-2.008134221220848,-0.14824669088135017,5,Tinto
-2.4603265704675468,0.4402311537912426,5,Tinto
-2.9421755665991847,1.3758780685684244,5,Tinto
-3.042123346797757,0.304528024847625,5,Tinto
-3.3199030409315027,0.23801404392852155,6,Tinto
-2.232640356196316,0.022271230950096477,5,Tinto
-3.0234266944455617,-0.012425751134394068,6,Tinto
-2.1450737617475215,1.0668881019548222,5,Tinto
-0.8386517279761775,1.4454724530480965,6,Tinto
-1.457948837051398,-0.05930997885958343,5,Tinto
-3.11739929146499,0.943178883083052,6,Tinto
-3.3829664064845537,0.22283282202888294,6,Tinto
-2.1565690754595694,0.8273353372948808,7,Tinto
-4.650243155997299,0.203296874690148,4,Tinto
-1.8299621877567867,1.1048351081579024,5,Tinto
-1.8299621877567867,1.1048351081579024,5,Tinto
-2.2748942499893334,1.4850757226174485,4,Tinto
-5.1903131738041655,2.959141637978299,6,Tinto
-4.1198667870955195,1.2622054317462132,5,Tinto
-3.0059278061448245,-0.40916483458836533,5,Tinto
-2.519880612184034,-3.075398960240569,4,Tinto
-2.6420697052140096,2.128590996973512,5,Tinto
-1.9110942453918327,1.5013135668726896,5,Tinto
-2.081896805922341,-0.08285842743627335,5,Tinto
-0.7723882394307038,0.005347267704859784,5,Tinto
-3.1990687900197994,1.5244346851432435,5,Tinto
-2.712843941924653,-0.18447444150829168,6,Tinto
-2.7274249074434787,-0.22123534245121373,6,Tinto
-0.6427337417866276,1.4276512117763693,5,Tinto
-1.7044220272459414,0.6995557416080752,6,Tinto
-2.2458136361222576,0.852277583121858,5,Tinto
-2.2008460371285756,1.9780881869473346,5,Tinto
-1.4739603808347832,1.9663547397362406,5,Tinto
-2.4885916065357656,0.5755324877153322,5,Tinto
-1.837942967196358,0.3468771415123895,6,Tinto
-2.0520070767559853,1.465939518894197,5,Tinto
-2.027690674674785,1.9344775798257585,5,Tinto
-2.6174466617844083,0.5718891875156404,7,Tinto
-2.847959122215531,0.23121132191086352,5,Tinto
-3.0632934469476005,-0.35626104290037164,5,Tinto
-3.0632934469476005,-0.35626104290037164,5,Tinto
-2.6233218572140986,0.29991220238807836,5,Tinto
-3.3399573929833943,-0.49448996068032486,5,Tinto
-1.6438807213891782,1.29585011764351,5,Tinto
-4.074880656104463,0.5122114084656464,6,Tinto
-2.6729683305049323,0.4558455935400402,6,Tinto
-1.9233391656341277,0.7354166421162839,5,Tinto
-1.939367154561006,0.6784019912045951,5,Tinto
-2.6629891203354927,1.2541139658314338,4,Tinto
-1.6823983721120352,2.36798313187519,5,Tinto
-2.5689479264090536,1.3846181316622646,5,Tinto
-2.5689479264090536,1.3846181316622646,5,Tinto
-3.5408514706884775,-0.14905624708196266,6,Tinto
-2.4978062975396047,0.005955609025568909,5,Tinto
-2.5242238320906307,2.113944913661639,4,Tinto
-2.3348875360445387,-0.18122507113727093,5,Tinto
-5.482672088710146,6.015577091137021,5,Tinto
-1.5237739318544126,1.1836553475439693,5,Tinto
-5.932826631255033,4.5725018416362815,5,Tinto
-1.512712581723276,0.08140895039579918,6,Tinto
-2.3019525212420517,-0.037088498687851634,5,Tinto
-3.825241942364103,3.472247458120581,6,Tinto
-2.4559640746422997,0.44131919554752147,5,Tinto
-2.086681783409863,2.9396506304157826,5,Tinto
-2.8937019365499794,0.4683691355050413,5,Tinto
-0.5346330288213359,0.9959426856084019,5,Tinto
-3.825241942364103,3.472247458120581,6,Tinto
-3.908008212320683,3.5607532926256003,5,Tinto
-2.4559640746422997,0.44131919554752147,5,Tinto
-2.2798268383403357,-1.5842527702940572,4,Tinto
-2.139078942205352,-2.6784332394422874,6,Tinto
-3.5866305085450594,-0.10644637587780986,5,Tinto
-2.392523468690936,0.5153167335864918,5,Tinto
-3.8320629404734237,0.44021344251272776,5,Tinto
-2.492394355032398,1.041459382782425,6,Tinto
-2.774136792888715,0.8169660847938529,6,Tinto
-2.459069887317307,0.15010921824389198,6,Tinto
-2.492394355032398,1.041459382782425,6,Tinto
-2.0846404328360113,0.8737309337990709,5,Tinto
-2.0585608933552044,0.18382112116136004,5,Tinto
-2.0846404328360113,0.8737309337990709,5,Tinto
-5.5575102450495635,6.082711361835466,5,Tinto
-2.620046738780802,0.8113426363305204,5,Tinto
-1.7175696533411133,1.580469933280049,6,Tinto
-1.5287241242198668,2.34669238388117,5,Tinto
-3.1432259847405972,1.4043670843575464,5,Tinto
-2.239588853361057,0.9885711347866633,5,Tinto
-2.09242534672078,1.0126934914003418,5,Tinto
-1.9739862191678317,1.924076091602918,6,Tinto
-3.1432259847405972,1.4043670843575464,5,Tinto
-1.9794545603294738,1.1644295400421807,6,Tinto
-2.6535717715883598,0.8539966946205065,6,Tinto
-2.7000758638081006,0.5097304801237926,6,Tinto
-2.9274093922342983,0.6228029230021351,6,Tinto
-2.147803765027271,0.5649797147061741,6,Tinto
-4.032313453435602,1.8139166607925612,5,Tinto
-2.9274093922342983,0.6228029230021351,6,Tinto
-3.378058968231334,0.4395289167852874,5,Tinto
-3.1730453719444864,0.6150962296725012,5,Tinto
-1.5415413330130785,0.3942990987503098,5,Tinto
-2.791494823128469,2.2426784927735,5,Tinto
-5.251720467475855,0.07148323925002671,5,Tinto
-5.2281458098405915,0.03889380905086039,5,Tinto
-3.8230755647873758,0.3398307202022234,7,Tinto
-2.156704771312307,-0.39424280166483655,5,Tinto
-1.6654456739373307,2.1227428498134735,5,Tinto
-1.9198068782733377,-2.3987246260148103,5,Tinto
-1.9198068782733377,-2.3987246260148103,5,Tinto
-2.291926458259582,-0.6109564468015586,6,Tinto
-3.6726894668364505,0.6484528887829246,6,Tinto
-3.2001900333940347,1.3518451461242267,5,Tinto
-3.2611008757053264,1.2919297881389176,5,Tinto
-2.1134786321386403,0.7854979329212907,5,Tinto
-1.774482124184983,0.6427735240513935,5,Tinto
-1.6937257875960083,0.6582706436036662,5,Tinto
-3.2001900333940347,1.3518451461242267,5,Tinto
-3.2611008757053264,1.2919297881389176,5,Tinto
-2.124813805898727,-3.4122486640161998,6,Tinto
-2.22133129586375,-0.4240900835791203,5,Tinto
-2.124813805898727,-3.4122486640161998,6,Tinto
-1.2439659127948952,2.09489430707961,5,Tinto
-2.1463104311819934,-0.7392283255566462,5,Tinto
-3.2960873118542926,2.685909717908622,5,Tinto
-2.4477302499009173,-0.29839050466209355,6,Tinto
-2.382190732536118,0.7158304814389469,6,Tinto
-1.9227312056574053,0.07764011036724462,6,Tinto
-7.39974424605605,10.017088250043654,4,Tinto
-1.9889898317988635,0.04106714940366911,5,Tinto
-1.9889898317988635,0.04106714940366911,5,Tinto
-0.8024849102214917,0.8580079997246122,5,Tinto
-0.8239007221454764,0.8485264995694544,5,Tinto
-0.8024849102214917,0.8580079997246122,5,Tinto
-0.8239007221454764,0.8485264995694544,5,Tinto
-2.954974033642921,0.11919283292645845,5,Tinto
-2.1863420210936257,0.3316772701135739,6,Tinto
-3.6835564233279245,0.6322913795106253,5,Tinto
-3.883234237671117,1.1963439017609627,4,Tinto
-2.526812154179714,0.12303406808550776,6,Tinto
-0.5795568523201894,1.3525783826736677,5,Tinto
-0.5680597066148508,1.289030454326954,5,Tinto
-1.886791083921175,1.4031512793651368,5,Tinto
-1.8920114407170419,-0.05636067124620595,5,Tinto
-2.1657874516644315,0.06129017061130473,4,Tinto
-2.8444170909373137,-0.4055055175936861,6,Tinto
-6.3261612404385135,4.8681744120724835,5,Tinto
-3.2522046973777683,0.32792632580217673,4,Tinto
-2.4904576143410813,0.7604570903510752,6,Tinto
-2.4904576143410813,0.7604570903510752,6,Tinto
-2.5767388351616325,-0.6343078780867831,6,Tinto
-1.902116738161769,0.14366682904074746,5,Tinto
-2.585395608362905,0.313279590856228,5,Tinto
-1.902116738161769,0.14366682904074746,5,Tinto
-2.7510029822285107,0.4152241822141065,6,Tinto
-3.446432768552229,0.09528208412510353,5,Tinto
-2.572580822711086,0.9886109967796521,5,Tinto
-2.572580822711086,0.9886109967796521,5,Tinto
-3.7734771645520544,4.170980332470522,5,Tinto
-2.791130748019628,0.4239260547846882,5,Tinto
-2.486499630603364,0.39810529022525687,5,Tinto
-2.560015018367079,0.3999678268699944,6,Tinto
-1.0779081169831786,1.657994477736907,5,Tinto
-1.3926358435220005,1.037684645543347,5,Tinto
-3.02280220760534,0.5943202606506575,5,Tinto
-1.0636911195496002,1.1369679991394637,5,Tinto
-0.984580265649042,1.1019320171029219,5,Tinto
-1.149117446515213,1.4949654116940032,5,Tinto
-1.8374063765002608,0.06772168531668181,6,Tinto
-1.72651688453267,0.9363364526422617,5,Tinto
-2.434301909538746,0.3969378968213986,5,Tinto
-2.434301909538746,0.3969378968213986,5,Tinto
-1.1897629772374694,1.063896615211607,5,Tinto
-2.311787631855342,0.32900778148361304,5,Tinto
-2.6943086776763603,2.5721146203854794,6,Tinto
-3.2059724567907293,-2.2643759853608416,7,Tinto
-3.6920881017075056,-1.0123983971826604,4,Tinto
-2.431880626235326,1.1702354787519298,7,Tinto
-0.9957996157087112,2.67896346109111,5,Tinto
-2.511715634593327,0.2085071014764676,5,Tinto
-1.7798516349373967,0.5682371872966975,5,Tinto
-1.8870912641987796,0.6084182078300582,6,Tinto
-2.848436477814213,3.0042755357720146,7,Tinto
-2.848436477814213,3.0042755357720146,7,Tinto
-1.1065342720124571,0.8538433308602594,5,Tinto
-1.6341167792220195,1.2709368338090863,5,Tinto
-2.8269563655359335,1.7892220913068968,7,Tinto
-3.1142661424188343,0.3157088571008734,6,Tinto
-2.7194501388793078,0.7934426187018819,6,Tinto
-2.744914283744098,2.0946038557303974,6,Tinto
-1.4368576440378151,0.24585899337624353,5,Tinto
-3.295507023755745,1.052697258512503,6,Tinto
-0.8729193232400154,1.0042001780456382,5,Tinto
-2.761148602306813,0.6012828193092152,5,Tinto
-2.779463293962387,0.9243308405798996,5,Tinto
-2.2698540998124543,0.10812380181450541,5,Tinto
-1.056419485632456,1.0809886457753073,5,Tinto
-1.3857909865894333,0.8113830392782948,6,Tinto
-1.7892697712588534,0.8867681957403891,5,Tinto
-2.9968826342498427,-0.4099258890569191,5,Tinto
-3.0377241295775783,1.1611197496066,6,Tinto
-2.5160221369429365,1.0048532492140765,4,Tinto
-1.5341499768289892,0.16736815601490382,6,Tinto
-5.487801134433457,5.347556451096569,6,Tinto
-3.8511911859552526,1.401717333533993,5,Tinto
-1.5341499768289892,0.16736815601490382,6,Tinto
-2.3660599996929945,-0.27002088205039704,5,Tinto
-1.607133115755809,-2.3729527893717512,7,Tinto
-2.135393714543338,0.04497634486685593,6,Tinto
-2.175385708008446,1.2784905134197184,6,Tinto
-2.3660599996929945,-0.27002088205039704,5,Tinto
-3.5754925632383565,1.0111857613488648,6,Tinto
-2.871281706826913,0.6348773905113794,6,Tinto
-2.871281706826913,0.6348773905113794,6,Tinto
-2.8909191759937123,0.5732006909962933,6,Tinto
-2.871281706826913,0.6348773905113794,6,Tinto
-3.5754925632383565,1.0111857613488648,6,Tinto
-4.745560425779763,3.9936532825089732,5,Tinto
-3.0084445374622613,2.4684465268691658,6,Tinto
-1.32197772596628,0.6984561750927181,6,Tinto
-3.06230978165018,3.889224361881195,7,Tinto
-3.06230978165018,3.889224361881195,7,Tinto
-4.348822692563549,0.7244921186002408,6,Tinto
-2.4933702327357854,0.30065542163433645,5,Tinto
-1.8745768352091776,0.7246781314935865,5,Tinto
-2.443567196953563,-0.008915760745556127,6,Tinto
-4.348822692563549,0.7244921186002408,6,Tinto
-2.3631427152579074,1.9363555844339262,6,Tinto
-3.046492743385023,0.16991947607302976,6,Tinto
-2.4493498603819797,1.9146584261820796,5,Tinto
-2.4098547168284106,1.1907965797000237,5,Tinto
-3.046492743385023,0.16991947607302976,6,Tinto
-1.4314797003550979,1.0778777445060792,5,Tinto
-2.359548578206093,1.575483640935596,5,Tinto
-2.9674055667080066,0.2925794313715558,5,Tinto
-6.96552761872121,7.201442437611613,5,Tinto
-2.6455233779937335,1.9316041053570208,7,Tinto
-1.8054955786191065,0.6789617452849442,5,Tinto
-3.3303183707026407,0.5083343105208233,4,Tinto
-2.660401322412338,-0.04442368220135622,5,Tinto
-1.761532223640407,0.7860944942961179,5,Tinto
-3.571081247703932,2.7897113130416034,5,Tinto
-2.6985751210491347,1.7905187469229513,7,Tinto
-3.705761192210915,1.5391114267674542,4,Tinto
-2.4472933008464715,0.15178274301997857,8,Tinto
-3.737577748388983,0.7329612161516381,6,Tinto
-3.1545568975490372,2.933299168507964,6,Tinto
-2.303533542070463,0.3894054390841577,6,Tinto
-3.1545568975490372,2.933299168507964,6,Tinto
-1.9980653770125085,2.5868433140620506,5,Tinto
-3.047704148451758,1.1850217556760139,5,Tinto
-2.0010041345816485,1.9124016123326293,5,Tinto
-2.303533542070463,0.3894054390841577,6,Tinto
-3.737577748388983,0.7329612161516381,6,Tinto
-3.1545568975490372,2.933299168507964,6,Tinto
-2.7796013213913846,1.0132091149761893,8,Tinto
-2.5428364243340886,1.5875348267892018,7,Tinto
-2.5358207247240943,2.632432553339491,6,Tinto
-4.834846475077125,4.242434010168223,7,Tinto
-2.136320947460619,0.6588348590250401,5,Tinto
-2.5428364243340886,1.5875348267892018,7,Tinto
-2.7111692893524273,2.2439425259158896,5,Tinto
-2.7111692893524273,2.2439425259158896,5,Tinto
-2.3432358523068615,2.859291732463108,6,Tinto
-2.0063365692772774,0.4530618968576079,6,Tinto
-3.1331411638376787,1.0194501222696069,7,Tinto
-2.2077366380284356,4.02499438622656,5,Tinto
-3.1331411638376787,1.0194501222696069,7,Tinto
-4.7827977843308265,3.950984570667124,5,Tinto
-2.8136131351637594,1.9631810397316496,6,Tinto
-2.4964253422138807,0.14275082832383082,6,Tinto
-2.5910439324533447,4.082051294171219,6,Tinto
-2.600533924523394,2.6734900898310126,5,Tinto
-2.5591485861126637,2.2123738341714443,5,Tinto
-3.6750589213016744,0.5464137544813445,5,Tinto
-4.0650718172099305,0.8441695557348737,5,Tinto
-3.6366902761427684,0.454260233555874,5,Tinto
-2.4742859764822778,-0.008232859225465197,6,Tinto
-2.223779588244577,1.4792229239265027,6,Tinto
-3.7600990179369473,1.276047344815402,5,Tinto
-3.9802262797813337,1.17209947006881,5,Tinto
-1.8954587744021163,2.054978415995547,5,Tinto
-2.4410349983652604,2.38866858747391,6,Tinto
-2.37345286037892,0.7645207419200969,5,Tinto
-3.737064672754348,3.3681019814372797,6,Tinto
-3.8319179665820444,3.4223510592799498,6,Tinto
-1.6393327825215576,0.2734749148240989,6,Tinto
-2.4410349983652604,2.38866858747391,6,Tinto
-1.5103022841163487,0.6806472075988739,6,Tinto
-1.8436577133516203,1.7014394253762375,6,Tinto
-0.8201182142946505,1.3772051893278758,5,Tinto
-1.6601905982444227,0.19064845589237583,5,Tinto
-1.9508744089934364,0.009653705548095732,6,Tinto
-2.0025919564103694,2.107490605579443,5,Tinto
-2.792284396868591,1.5329885037428594,6,Tinto
-2.961390475723995,1.4591857185622295,7,Tinto
-2.792284396868591,1.5329885037428594,6,Tinto
-2.961390475723995,1.4591857185622295,7,Tinto
-2.092233935732316,2.1435561834984207,5,Tinto
-3.120578950070325,0.7907880665744115,5,Tinto
-2.1674155297021294,2.5640496246263953,6,Tinto
-1.918226550635354,3.117605482826988,6,Tinto
-1.918226550635354,3.117605482826988,6,Tinto
-3.3509215365199205,2.551447600525343,7,Tinto
-3.4199908250070603,1.8073916951972206,5,Tinto
-2.7027139431729306,3.3418702955185777,6,Tinto
-2.662228750362548,1.8362910346759564,5,Tinto
-2.632645157806457,1.4279798747848114,6,Tinto
-2.632645157806457,1.4279798747848114,6,Tinto
-1.1936771431378328,1.1618409198769708,6,Tinto
-2.5171664496918265,0.29086718737724837,5,Tinto
-3.2718544692435922,-0.17902771583986032,7,Tinto
-4.359927925631746,2.655865431783738,7,Tinto
-2.754383944546479,-0.5410861734998715,6,Tinto
-1.6035833687942984,0.8076545597590215,5,Tinto
-2.829247864417666,3.4555140000103943,6,Tinto
-3.748419661677607,3.8315302508802787,7,Tinto
-3.4604054322492925,3.6393591625757327,6,Tinto
-3.1439424644789855,1.392240424112091,6,Tinto
-3.4211887903518625,2.3862320537866317,6,Tinto
-3.4211887903518625,2.3862320537866317,6,Tinto
-3.4094735294615632,2.901005173913848,6,Tinto
-2.7314028028165205,0.44267796765585615,5,Tinto
-4.038251970754413,-0.8613508912541894,7,Tinto
-3.8512932024912327,3.0455151108050025,6,Tinto
-3.0263352692209966,2.129568006109565,6,Tinto
-4.2700417166732105,1.9540377257757806,6,Tinto
-4.167339627979162,2.963002505549099,6,Tinto
-4.262358800231375,1.9561292707842368,6,Tinto
-3.456516645505104,1.0074370072916614,5,Tinto
-2.946587918395198,3.552094782198905,5,Tinto
0.6488625526603227,-1.5384905460869975,6,Tinto
-3.4559348549730595,-1.3909446984259588,6,Tinto
-2.549771803631896,2.625437259311683,5,Tinto
-2.9124210559403707,1.7363597238022102,7,Tinto
-3.2290473305536076,3.3440353312257085,7,Tinto
-2.6021934054133133,3.4843997287219883,6,Tinto
-2.6509737878764326,1.6059907591331344,5,Tinto
-2.7267087270205983,1.6137003253778575,6,Tinto
-2.5326444256542215,2.8054516037415156,5,Tinto
-3.1578910288546242,3.0616298703980798,5,Tinto
-2.971319660451948,4.187457880173021,7,Tinto
-3.476645292324617,1.6712319776410542,6,Tinto
-2.971319660451948,4.187457880173021,7,Tinto
-2.643111869573286,2.9993456671820273,5,Tinto
-2.272521131816196,3.269077744218807,5,Tinto
-3.1434357773792234,0.9780745807767364,7,Tinto
-2.8301131564421667,0.3830841504403941,5,Tinto
-2.0237266585997538,1.1499310667773202,6,Tinto
-2.290252906456946,1.2749834344436968,6,Tinto
-1.9691822835676693,1.1844238197150645,5,Tinto
-3.0618943526057536,3.9270473455284174,6,Tinto
-3.4241428460961534,2.830871092504657,7,Tinto
-3.4160801182939364,2.8931701712749875,6,Tinto
-3.1434357773792234,0.9780745807767364,7,Tinto
-3.7402646733837623,2.2195322399320885,6,Tinto
-2.022232732242269,1.073650147647369,6,Tinto
-2.060082888889195,1.4198551638452481,6,Tinto
-2.7423640879636766,4.106432004216514,6,Tinto
-2.060082888889195,1.4198551638452481,6,Tinto
-2.060082888889195,1.4198551638452481,6,Tinto
-2.3592505782291866,1.3403028739735205,5,Tinto
-3.3389535052507338,0.8578192028334561,6,Tinto
-2.5232151912540197,1.3844115408804238,6,Tinto
-2.629212316799991,0.847574617161846,6,Tinto
-2.3295527550274486,1.3086891828372256,6,Tinto
-2.318120069296739,1.7493590037634148,7,Tinto
-3.2717113729122826,-2.236485783260674,8,Tinto
-2.7423640879636766,4.106432004216514,6,Tinto
-1.981113686811259,1.6653818969337653,5,Tinto
-1.8312473952849335,2.128245985396608,5,Tinto
-2.7713706379592757,3.069936533507023,5,Tinto
-2.3503247272822274,1.8277831383092629,7,Tinto
-0.8580029406931913,1.5758925862064286,5,Tinto
-2.836972402284549,2.3314351773939355,6,Tinto
-2.836972402284549,2.3314351773939355,6,Tinto
-2.6160554348917584,1.094107225748407,5,Tinto
-0.8580029406931913,1.5758925862064286,5,Tinto
-1.15394623064684,-0.5790032902292621,6,Tinto
-2.25785260877287,2.8556120201547013,6,Tinto
-2.9485700128533567,2.466053232758576,6,Tinto
-2.8082980581301755,0.9479710916680906,5,Tinto
-2.2698497553516632,0.750422007593499,6,Tinto
-2.4427691651798975,1.243859117670945,6,Tinto
-2.5564576608963727,2.663024647468524,7,Tinto
-3.27388338888046,2.221950454309084,6,Tinto
-1.7604851853748535,2.835882125443583,4,Tinto
-1.6605958288841465,1.6259886471704619,6,Tinto
-1.8638751177830832,1.6473831318088161,5,Tinto
-2.5992722311655743,1.0050370039752952,5,Tinto
-2.8970342188035185,1.8244616672545912,7,Tinto
-1.4229638795598911,1.7687581155063825,5,Tinto
-2.677512315574046,3.560105441219853,5,Tinto
-3.176283739301422,1.5093644605523981,6,Tinto
-1.330274075539569,-0.14705685912257951,5,Tinto
-3.487278993288794,2.852943616665328,6,Tinto
-2.896402347641078,0.1489412829773064,5,Tinto
-2.3551744646957378,0.9668167439702056,7,Tinto
-2.783726721687343,-1.3186263937112903,7,Tinto
-2.742023568071322,-0.30746439625095867,5,Tinto
-2.655518582271767,1.5365225415072472,7,Tinto
-2.742023568071322,-0.30746439625095867,5,Tinto
-2.783726721687343,-1.3186263937112903,7,Tinto
-2.251531024318005,-1.3899697194818277,6,Tinto
-3.4758404174208453,1.2508147629010533,6,Tinto
-2.5364404533514797,1.3876706420603786,5,Tinto
-3.508516160527347,3.293557203360498,6,Tinto
-2.655518582271767,1.5365225415072472,7,Tinto
-1.6309199225563038,1.1995114206356676,5,Tinto
-2.354993785984808,1.1481782438280768,6,Tinto
-2.5187026552082075,3.0953583502426287,5,Tinto
-2.211097016695724,2.7768926110637686,6,Tinto
-2.5187026552082075,3.0953583502426287,5,Tinto
-1.596963057685984,0.48564604737658196,6,Tinto
-2.4989727221998534,1.992507000108481,6,Tinto
-2.211097016695724,2.7768926110637686,6,Tinto
-2.0754163305363096,0.3189198955563164,5,Tinto
-2.322397479456438,3.3171877112844363,8,Tinto
-2.541937453870288,2.1527795219329953,6,Tinto
-3.7132375058862825,4.873652442402067,7,Tinto
-2.5803684784796808,0.7764525973278149,7,Tinto
-3.3919575846050916,-2.218646122003222,7,Tinto
-3.4198313578859003,1.2827300093033398,6,Tinto
-1.856678659398633,3.0394143765075046,5,Tinto
-3.4946952917364524,1.1335586651997775,5,Tinto
-2.7851448555175478,0.8541766206639119,6,Tinto
-2.2218377108769274,2.7198659719253118,6,Tinto
-2.2218377108769274,2.7198659719253118,6,Tinto
-5.337467585335684,5.33089325293887,6,Tinto
-2.7239291229301807,0.016068674229073213,6,Tinto
-2.698314664680264,1.9788064762921076,7,Tinto
-1.2499459224260645,-0.6339947334064027,5,Tinto
-3.364600113640194,1.5754371085447045,8,Tinto
-3.1374976394184766,1.3412962363916359,5,Tinto
-2.326147644569008,1.829172752540759,5,Tinto
-2.698314664680264,1.9788064762921076,7,Tinto
-2.5589363995388457,3.277004798384426,3,Tinto
-2.4662536744964063,0.8722594902887867,6,Tinto
-2.9910568052227706,1.39457565569655,5,Tinto
-2.119521934794675,1.2948947736949412,5,Tinto
-0.82053763795258,2.2919915330137184,5,Tinto
-2.4170218440219045,2.866108724004718,6,Tinto
-3.2394777975089606,2.4621464927946795,5,Tinto
-2.4159518334962926,1.3710910822547369,6,Tinto
-3.09003493201861,-0.8322636518335046,6,Tinto
-2.4388119905123697,3.0947456156615125,6,Tinto
-2.5899308460154526,0.5490070919004548,5,Tinto
-2.164706616500786,3.0487851147341902,5,Tinto
-2.3518090219113885,1.1251280516925681,6,Tinto
-2.3181861121528704,3.043708682102624,6,Tinto
-2.6788910401590167,1.2760927159023976,5,Tinto
-2.665435798265571,2.370411295101827,6,Tinto
-3.2419429918655926,1.6549789449134678,5,Tinto
-2.518537757844285,1.5387560623081311,5,Tinto
-3.1025267851350486,1.7473946140463792,6,Tinto
-3.2419429918655926,1.6549789449134678,5,Tinto
-3.4344319637569116,1.4375009083981864,6,Tinto
-1.305651502123202,3.801346540568252,5,Tinto
-2.7037112558176153,1.0513632255052006,8,Tinto
-3.5983502408352406,3.650640083815097,5,Tinto
-3.5833523834644363,3.6801900641033893,5,Tinto
-2.7737242396112687,1.2272052822949842,6,Tinto
-2.7391656983421684,1.3097161456476767,5,Tinto
-2.7391656983421684,1.3097161456476767,5,Tinto
-2.672104788978239,1.2818488794010965,6,Tinto
-2.2465830799572575,2.7537665739242745,7,Tinto
-2.6615749304624807,1.412301139279007,6,Tinto
-2.9533284419995534,1.4551760896305332,6,Tinto
-2.710579726811631,-0.41603136167535,7,Tinto
-2.7442236569460814,-0.41814956829910194,7,Tinto
-2.9504741264836656,1.295724142412972,6,Tinto
-0.5922473509046337,-0.8767037262987988,6,Tinto
-2.470723842272679,1.357945412619355,8,Tinto
-2.577437847381732,1.2367512134895313,6,Tinto
-0.9448605274500739,0.5143812022510013,5,Tinto
-2.470723842272679,1.357945412619355,8,Tinto
-2.9504741264836656,1.295724142412972,6,Tinto
-2.577437847381732,1.2367512134895313,6,Tinto
-1.379982027271056,2.3318595753164106,7,Tinto
-1.379982027271056,2.3318595753164106,7,Tinto
-3.1212968952346345,1.7962457388117645,7,Tinto
-3.1953573893148315,1.7226695025550784,7,Tinto
-2.7830957206875753,1.023833825485581,7,Tinto
-3.122157885603744,1.6502109311859667,7,Tinto
-3.4751570064485686,3.034105539733447,6,Tinto
-2.37857747955302,2.064123425521514,6,Tinto
-1.9780911316440422,2.7836424941849724,7,Tinto
-1.9136569752591939,2.838854553192618,5,Tinto
-2.37857747955302,2.064123425521514,6,Tinto
-2.6522730644341133,2.8674835240273975,6,Tinto
-3.0049009957945887,1.6592313972056936,7,Tinto
-3.0049009957945887,1.6592313972056936,7,Tinto
-2.212132642059594,3.8702244459861803,5,Tinto
-4.015647756100477,2.7459420500836726,6,Tinto
-3.946611184837824,3.9572645211409347,3,Tinto
-2.2935768131581082,1.1821357338211083,6,Tinto
-1.0094536594623185,0.7149241587870737,5,Tinto
-2.6551634210493535,1.883305535445886,6,Tinto
-2.044713863558468,1.3165493937010107,5,Tinto
-1.2663132361233607,2.097762954017677,5,Tinto
-0.3779387857232739,1.9803176951894164,5,Tinto
-1.2302541723314229,1.9052386995931179,5,Tinto
-2.8665616632725883,2.47840511469536,5,Tinto
-1.0094536594623185,0.7149241587870737,5,Tinto
-1.4409126197269926,0.3962115326111001,6,Tinto
-1.6129954420772334,2.157553267748785,6,Tinto
-2.7971444690894343,1.6818477226714599,5,Tinto
-3.028687030847727,1.1787623924107546,6,Tinto
-2.553550475045259,2.802617172347124,5,Tinto
-2.553550475045259,2.802617172347124,5,Tinto
-2.431303906501471,-0.18709806905026333,6,Tinto
-2.8237077522124405,1.9486566873241784,6,Tinto
-3.028687030847727,1.1787623924107546,6,Tinto
-2.7971444690894343,1.6818477226714599,5,Tinto
-4.082266297024149,0.8017240986146743,6,Tinto
-2.72822337109406,2.4860160560334474,7,Tinto
-2.833639001067561,2.5909261043689744,5,Tinto
-2.7160976779417263,1.987129714512506,5,Tinto
-2.482425578225195,1.6353394590066783,6,Tinto
-3.096402872494934,1.1248667851914032,5,Tinto
-3.1766600931694193,2.159401540973909,6,Tinto
-2.6092466230001268,4.696744828506788,6,Tinto
-0.7485690147781765,2.3928822410015735,5,Tinto
-3.080565352242433,1.0496755917428093,6,Tinto
-2.877185003199341,1.8038716563101473,6,Tinto
-2.045462585248162,2.8208769331608456,6,Tinto
-3.3470668902256406,2.387664276484821,6,Tinto
-2.4745278818263903,-0.1423797649668312,6,Tinto
-2.554738261436029,1.6150980430217095,6,Tinto
-2.5829930154502563,1.7347268388108483,6,Tinto
-2.6132274369794795,-1.5560855157974094,5,Tinto
-3.9511704635880833,4.58922501110827,5,Tinto
-3.9511704635880833,4.58922501110827,5,Tinto
-2.908581073640969,2.3532837408034246,6,Tinto
-3.9695901395641893,4.615169609842301,5,Tinto
-2.908581073640969,2.3532837408034246,6,Tinto
-3.4113064818367085,2.4794037995244076,6,Tinto
-3.357167907838563,2.247517623710698,5,Tinto
-0.8919704874721205,1.887003561543207,5,Tinto
-0.8113573234598533,2.4428292369695956,5,Tinto
-1.1695554700914168,0.9390692599566638,6,Tinto
-3.4113064818367085,2.4794037995244076,6,Tinto
-3.357167907838563,2.247517623710698,5,Tinto
-4.505996651653015,3.039147495693991,6,Tinto
-4.505996651653015,3.039147495693991,6,Tinto
-4.644429879116741,3.2998532315961757,6,Tinto
-2.0776993188175163,-1.1636598877442899,6,Tinto
-3.098248309282101,2.390219071915665,6,Tinto
-2.0776993188175163,-1.1636598877442899,6,Tinto
-1.8600293043371496,1.4781126937932552,5,Tinto
-2.511061582009704,2.131198207128281,4,Tinto
-1.6888907786797909,2.3496037356366304,6,Tinto
-2.1680295256894335,2.7863974859371163,6,Tinto
-3.183645286877481,1.3239116666503319,4,Tinto
-1.3154160976942588,1.7788235331649642,5,Tinto
-1.4401610697138076,1.7122976606789775,5,Tinto
-1.4588592875952884,1.6271268826516596,6,Tinto
-2.91729169314866,2.790701075637014,5,Tinto
-2.91729169314866,2.790701075637014,5,Tinto
-2.66687774347785,2.6795749050217483,5,Tinto
-2.206127951345171,2.294727173015565,7,Tinto
-1.4994478329200094,2.8360174992929266,7,Tinto
-2.8418006651387677,0.9277017663439642,6,Tinto
-2.826765775921594,2.6324685332101074,7,Tinto
-2.207547782573342,1.2417646400956877,5,Tinto
-2.3529809180077623,-3.1366447199112253,8,Tinto
-2.2198503734919925,1.5170680133088086,7,Tinto
-1.6698654311968129,1.7218372673280486,5,Tinto
0.03612681540109376,-0.8447498616928043,6,Tinto
-1.6698654311968129,1.7218372673280486,5,Tinto
-2.3195998747909052,2.82686897728797,5,Tinto
-2.827577082092843,1.0750833523006642,5,Tinto
-1.0621845699350778,2.6207502323165617,5,Tinto
-2.412552154170195,2.818847529645523,6,Tinto
-3.0147900966114585,2.438241371582835,6,Tinto
-2.5752766140621195,0.6754331308234165,6,Tinto
-3.18690728050895,3.486079009771798,6,Tinto
-3.3556489335704165,0.7876119633293928,4,Tinto
-2.526242918821733,3.486004281196919,6,Tinto
-3.479489242174195,0.765709202918299,5,Tinto
-2.526242918821733,3.486004281196919,6,Tinto
-2.366057755063198,1.6752754268139731,6,Tinto
-3.0136107967542323,1.2637716293662735,6,Tinto
-2.78146569383775,0.7313163465855193,7,Tinto
-1.8090362667815008,1.2736666623402018,6,Tinto
-3.0418897013765767,2.9559286522699795,6,Tinto
-2.024999915427086,-1.582134142830471,6,Tinto
-1.0965161645287844,1.5951890458807443,5,Tinto
-2.5229648893173873,3.4682759612120697,5,Tinto
-2.78521754069022,0.21249286582728377,6,Tinto
-2.212584471258582,0.6872103938197822,5,Tinto
-4.248168845584915,3.084891510266514,6,Tinto
-2.1807620034402246,2.0029682071809276,5,Tinto
-2.1807620034402246,2.0029682071809276,5,Tinto
-2.626319933777694,2.759703691501076,6,Tinto
-3.3757035507929802,3.110556763401664,5,Tinto
-2.9870857701593283,2.747657006763933,5,Tinto
-1.61614295053971,1.3413088406319558,5,Tinto
-1.8219370749497208,1.3177605641285728,5,Tinto
-2.741682978396105,1.54626928540555,5,Tinto
-3.1926128208478266,0.2658006862710754,6,Tinto
-3.0989594935697036,1.3324978805458694,5,Tinto
-3.0989594935697036,1.3324978805458694,5,Tinto
-3.0439602535270733,1.606203309514679,5,Tinto
-3.0439602535270733,1.606203309514679,5,Tinto
-2.796499175270285,1.4614553308021936,6,Tinto
-2.2386821590410526,1.3257105215101472,5,Tinto
-2.796499175270285,1.4614553308021936,6,Tinto
-2.4863757837482554,2.3430576091712076,5,Tinto
-1.9543465994019036,0.16309010930989853,6,Tinto
-3.9653627450241204,2.0705759255364824,4,Tinto
-0.508271116761105,0.7278016435263132,5,Tinto
-3.0518781545933447,0.4065781031501729,5,Tinto
-1.9193425143167266,2.087665845140946,5,Tinto
-1.9051524465112404,2.0092341779841014,5,Tinto
-4.368080833332617,1.076175930287023,7,Tinto
-2.7548479708919125,1.8095188827273228,6,Tinto
-2.5555623116853323,1.977578831599582,5,Tinto
-2.3705545250988136,1.8858898969094513,5,Tinto
-2.5555623116853323,1.977578831599582,5,Tinto
-2.3705545250988136,1.8858898969094513,5,Tinto
-2.5555623116853323,1.977578831599582,5,Tinto
-3.5426792908156175,1.3261140748002336,7,Tinto
-3.4829739547687684,0.5941783518497086,5,Tinto
-3.8504361955517727,0.04959865416456381,4,Tinto
-2.661848517195396,0.2758997907318014,7,Tinto
0.037624543119563945,0.023864247596357215,6,Tinto
-2.164864226832272,2.4488991084605654,5,Tinto
-2.6540842912655638,2.2207339182444414,5,Tinto
-2.7962407875364415,2.5599436669467828,5,Tinto
-1.8012427100560078,0.7901030541389096,6,Tinto
-1.7172223730416138,1.417689518557839,5,Tinto
-2.3748195550588638,2.2841771677949754,5,Tinto
-2.164864226832272,2.4488991084605654,5,Tinto
-2.15889285594636,2.547269305796026,7,Tinto
-3.2114972269321886,0.55669189418428,6,Tinto
-3.7784643732433385,0.09058091085636112,4,Tinto
-3.2114972269321886,0.55669189418428,6,Tinto
-1.9907772713789653,1.130213806344291,5,Tinto
-3.017640362264945,0.43868930351945423,6,Tinto
-2.248860894903886,1.4618144711212058,6,Tinto
-2.3371781283272526,2.986308184817574,5,Tinto
-2.2993238472738216,1.4908490495296396,5,Tinto
-3.64339964319535,2.5843744993809654,6,Tinto
-2.366839524872408,2.7043858126998934,6,Tinto
-2.716953035331476,1.0454838909605983,5,Tinto
-2.366839524872408,2.7043858126998934,6,Tinto
-1.350946924359349,0.23799484476360613,5,Tinto
-3.020252404352477,0.8369770546231137,5,Tinto
-2.5019200998192437,2.4635608406331158,5,Tinto
-3.020252404352477,0.8369770546231137,5,Tinto
-2.629056368609399,2.366322407392355,6,Tinto
-2.274724748620702,1.269783928730012,5,Tinto
-2.629056368609399,2.366322407392355,6,Tinto
-3.31984007166849,0.8652087309402431,5,Tinto
-2.1206356536187108,1.0002662031994431,5,Tinto
-1.212878593628926,1.7125641361640553,5,Tinto
-2.114176218519354,3.4659257260470753,5,Tinto
-2.046893461481772,0.4561789336584679,6,Tinto
-1.5568921788258119,1.1176884588466618,5,Tinto
-3.3635090479268444,0.026312302063167838,5,Tinto
-1.838291716840404,2.155832735223539,5,Tinto
-3.3635090479268444,0.026312302063167838,5,Tinto
-2.6484829656986473,0.5670024295371702,5,Tinto
-2.92919161556339,1.9074627614286366,5,Tinto
-2.8760160214145207,-0.2254444896930034,5,Tinto
-3.7414933659743146,2.442402522110251,5,Tinto
-4.870303544185715,0.17680456679797646,3,Tinto
-3.2868856192973226,1.8228510052639053,5,Tinto
-5.420106001246118,5.831835762972638,5,Tinto
-1.5244325875921145,1.7673036445347428,5,Tinto
-1.3869916099337556,1.754216183565741,5,Tinto
-2.535876145457063,-3.4316158792641485,6,Tinto
-3.2115143700743958,0.22471346427736882,6,Tinto
-3.2115143700743958,0.22471346427736882,6,Tinto
-2.3127934623683553,1.9902622518290598,5,Tinto
-2.629940682699752,2.0197231807146694,6,Tinto
-2.688167766032616,2.5047385480700224,6,Tinto
-3.2115143700743958,0.22471346427736882,6,Tinto
-3.1777165229387814,0.2275756132184627,6,Tinto
-1.2339440492837606,1.132450068515299,4,Tinto
-3.699066846061289,1.0018428738501306,4,Tinto
-3.2458245039021665,1.4768071356893233,5,Tinto
-3.213399821236977,-0.06830770665515631,5,Tinto
-2.0928153152688247,0.025055421943570855,5,Tinto
-2.7135917935339524,-0.44705145887840353,6,Tinto
-2.032796994158853,1.4123065542020579,6,Tinto
-2.8703048952880943,2.5497949019546775,5,Tinto
-2.0409752441349216,2.049061619152601,5,Tinto
-2.95341143718541,1.1916899314824394,5,Tinto
-1.7486252600389358,0.8667839722622243,5,Tinto
-2.4442441010384464,1.6618352582410636,5,Tinto
-1.8381100930075305,0.41624006547330294,6,Tinto
-1.7486252600389358,0.8667839722622243,5,Tinto
-2.0427979396284517,0.4135113467973322,5,Tinto
-2.577620820071675,0.6743689549541344,5,Tinto
-2.6532442866776784,0.5248264323110182,5,Tinto
-2.577620820071675,0.6743689549541344,5,Tinto
-0.9692050773736899,1.9022866669876437,5,Tinto
-1.9912065493889641,0.43541961913870053,5,Tinto
-1.6221513204862739,2.123386202435273,5,Tinto
-4.660556148642845,-0.08913212260085529,4,Tinto
-3.2520033136856994,0.8175311837031574,5,Tinto
-3.371216573593164,0.8442893482797991,6,Tinto
-3.1670801159400512,-0.054078724380069054,5,Tinto
-3.1670801159400512,-0.054078724380069054,5,Tinto
-2.890537871897323,-1.5594493115554695,6,Tinto
-4.828535401881338,4.993001296037398,5,Tinto
-4.116644400391674,0.759928956971562,5,Tinto
-3.3984281756619996,0.3440887308310393,5,Tinto
-1.88517772877016,0.764197555815653,5,Tinto
-2.799741318648887,0.9648536011309338,5,Tinto
-3.6838921513198057,0.9628779144910415,5,Tinto
-3.6838921513198057,0.9628779144910415,5,Tinto
-2.986012685508358,1.44164287278666,6,Tinto
-1.1869186955241284,1.906543869538603,5,Tinto
-3.1821488430767744,1.48506798489613,5,Tinto
-3.485133400632074,0.32612738617362447,6,Tinto
-1.1618006063850128,1.6426857497390344,5,Tinto
-3.021885668541782,0.11605304800665596,5,Tinto
-1.3969598128651128,3.004266183965274,5,Tinto
-1.310403095753221,2.9195886749279674,5,Tinto
-2.8791469760057,0.5835627552790453,6,Tinto
-1.389707308739193,1.2070833814834072,6,Tinto
-1.3006504847301705,1.2568860180373236,5,Tinto
-2.808119123710237,0.49859993976283995,6,Tinto
-2.8791469760057,0.5835627552790453,6,Tinto
-2.6819474293579377,1.1665260106418416,5,Tinto
-2.6819474293579377,1.1665260106418416,5,Tinto
-2.211312566449783,1.0412740915322003,5,Tinto
-2.6819474293579377,1.1665260106418416,5,Tinto
-5.1954753539288845,5.193492987611663,6,Tinto
-2.9843104347854266,-0.5098515229012283,6,Tinto
-3.428729508045254,-1.292388863920778,6,Tinto
-3.367323325423589,0.5808605141267144,5,Tinto
-3.367323325423589,0.5808605141267144,5,Tinto
-1.159238143105128,1.6232102481646942,5,Tinto
-1.9975269226575427,1.3800430701499082,5,Tinto
-2.8555912255295097,1.2812931543600636,5,Tinto
-3.332771571457585,0.4349562673674378,6,Tinto
-2.8555912255295097,1.2812931543600636,5,Tinto
-3.07970579911506,1.565199040154368,6,Tinto
-2.975843581190977,1.56460568820498,6,Tinto
-2.1371328714244666,1.4314716391757965,5,Tinto
-2.2918813394686945,1.5842347288758731,5,Tinto
-2.0791823410826282,0.24787784895231244,6,Tinto
-3.2462929033872356,0.3482511053179486,5,Tinto
-2.0791823410826282,0.24787784895231244,6,Tinto
-1.7162485534905376,1.7682949420632246,5,Tinto
-1.4435650388638719,1.7329429267048835,5,Tinto
-3.5618937723804347,1.9257006133840433,6,Tinto
-3.511891066323867,1.9154902256306943,6,Tinto
-3.9683887335083847,0.1819644616216122,5,Tinto
-4.419182812232885,1.5770483551053076,6,Tinto
-4.338955327019361,1.3925470349252438,6,Tinto
-2.4395706396567403,0.7469256668598622,5,Tinto
-2.0048215265432265,0.26368797487831375,5,Tinto
-3.4405031335191416,1.3165800138284727,6,Tinto
-3.049532555280825,0.28245863441232977,5,Tinto
-2.62711036291685,1.1555629815025843,5,Tinto
-3.049532555280825,0.28245863441232977,5,Tinto
-2.336267174737461,0.21623805610436758,5,Tinto
-1.7111811642326409,1.7172193946315157,5,Tinto
-1.7111811642326409,1.7172193946315157,5,Tinto
-2.3441647125003775,1.7112539343474844,6,Tinto
-2.3441647125003775,1.7112539343474844,6,Tinto
-1.5723699708515106,1.7739166844921286,5,Tinto
-1.4149105116570606,1.0001622747117616,6,Tinto
-1.5755680550454008,1.539291353714678,5,Tinto
-2.3762304581710847,0.38784283681338805,6,Tinto
-3.010140058862628,-0.46062034742092844,5,Tinto
-1.905860422947829,-0.011451911065939045,6,Tinto
-4.833131862971324,3.3917084642188517,5,Tinto
-2.1720869029360244,2.0491414519640667,5,Tinto
-1.9402925952482493,0.462191324245507,7,Tinto
-2.7504905900197287,1.1682616435310782,6,Tinto
-2.7504905900197287,1.1682616435310782,6,Tinto
-1.2982830835469938,0.6928088058457337,5,Tinto
-2.4656723819616806,0.5161716041879749,5,Tinto
-2.798567854061123,-2.400317734943035,7,Tinto
-2.785869209923038,1.0857757041288256,6,Tinto
-2.7686320386301393,0.7687190772119962,6,Tinto
-2.37590303399806,-1.214659842545571,7,Tinto
-2.2077232046563813,-1.0770741566623765,7,Tinto
-2.37590303399806,-1.214659842545571,7,Tinto
-4.006847389554408,1.7399557693427452,5,Tinto
-2.2804607882838606,0.40091266673075604,6,Tinto
-2.4240432428130747,-0.4818259470724124,5,Tinto
-3.098895197976535,2.8178977097738858,6,Tinto
-2.8615276245211576,1.8107095590257811,5,Tinto
-2.823726020283482,-0.7596215733683113,4,Tinto
-3.010855789090877,2.7056247844418375,6,Tinto
-2.8615276245211576,1.8107095590257811,5,Tinto
-2.829235385931817,1.245120404813269,6,Tinto
-2.6086607805095996,0.6179426542214572,6,Tinto
-2.2173457629944906,0.17947371161523018,5,Tinto
-2.8762910592615074,1.8287597499885557,5,Tinto
-3.2884260821327462,0.242809184027633,5,Tinto
-2.605418903090211,-3.612346283714225,7,Tinto
-2.7711673613019814,0.06362908958990436,5,Tinto
-2.7711673613019814,0.06362908958990436,5,Tinto
-2.1321020872200678,0.15842079778473594,5,Tinto
-2.0104648473117472,-0.3283582833236728,5,Tinto
-2.133768265957467,-0.6504863836890104,7,Tinto
-2.0104648473117472,-0.3283582833236728,5,Tinto
-2.6388606422090644,-1.1334268985207738,8,Tinto
-3.120582791120654,-1.1899530840663513,6,Tinto
-3.1997472929696866,-0.4232520054626796,4,Tinto
-3.120582791120654,-1.1899530840663513,6,Tinto
-3.1065426434539933,2.665819597381178,3,Tinto
-3.3114520046413696,3.069261439333811,4,Tinto
-2.801734073037414,1.0881614757714768,5,Tinto
-2.1438142618175937,0.3965154233657012,5,Tinto
0.5086814601321863,-2.317842133531259,7,Tinto
0.5086814601321863,-2.317842133531259,7,Tinto
-2.858831210410046,0.9302490247341914,7,Tinto
-2.362212099546115,-0.4390109199448029,5,Tinto
-3.0976237601790437,1.2880819512907542,7,Tinto
-3.10640536092568,0.146825876577453,5,Tinto
-2.3728464031852807,2.0051931621790087,6,Tinto
-2.172558994300716,0.9739071185020451,5,Tinto
-1.7720658048659923,1.087138902152057,6,Tinto
-2.992815617592513,0.14275900452368123,5,Tinto
-2.992815617592513,0.14275900452368123,5,Tinto
-3.2543967865449663,0.6024960971242286,6,Tinto
-2.992815617592513,0.14275900452368123,5,Tinto
-3.0022794458336346,0.11588467784363678,5,Tinto
-2.3619931174619233,1.3568764925247851,5,Tinto
-2.3619931174619233,1.3568764925247851,5,Tinto
-1.843176563683158,1.9122544276764075,5,Tinto
-1.909508175018221,0.7444992513429193,6,Tinto
-1.909508175018221,0.7444992513429193,6,Tinto
-3.879762356566167,-0.6946074835864331,7,Tinto
-1.909508175018221,0.7444992513429193,6,Tinto
-2.103939322896336,0.08066933733084261,7,Tinto
-2.058322626244754,1.4741910433861747,7,Tinto
-2.9942756148580294,-0.5121320551242254,6,Tinto
-2.2984750602662483,0.41160917231137933,5,Tinto
-2.46651026107143,-0.9077743539146438,6,Tinto
-1.7451061722052836,0.011712020511763404,5,Tinto
-2.279446952975262,0.32243411657097704,5,Tinto
-2.2984750602662483,0.41160917231137933,5,Tinto
-2.3151962605331735,0.35950729521277924,5,Tinto
-2.8620362598819082,-0.5983445767811483,6,Tinto
-2.9608049168422785,-0.4988286755889905,6,Tinto
-2.9942756148580294,-0.5121320551242254,6,Tinto
-2.7755505564227936,-0.2294632311938852,6,Tinto
-2.644775421636755,-1.1040828897144206,6,Tinto
-2.275272384904788,-0.5701536919441569,5,Tinto
-1.3855850523443043,-0.11965223632097441,4,Tinto
-2.049531657852841,0.005569099625559853,7,Tinto
-2.9258188466780743,1.0873915703019772,7,Tinto
-2.974280337112383,0.5522650936079798,7,Tinto
-2.776175759154816,-0.8975415704722847,4,Tinto
-2.644775421636755,-1.1040828897144206,6,Tinto
-1.8310779057204813,1.377261098110302,6,Tinto
-2.2275689135351575,0.35757239353122133,5,Tinto
-2.5855718174123328,0.6501757557843098,5,Tinto
-3.005150683639212,-0.616354104781885,6,Tinto
-3.3058304185426626,0.9837022967636926,6,Tinto
-2.2275689135351575,0.35757239353122133,5,Tinto
-1.8310779057204813,1.377261098110302,6,Tinto
-3.6047757387471138,1.0599206349503048,5,Tinto
-3.782796412933524,1.1402079081866197,6,Tinto
-2.413918255310455,0.8860946679725525,7,Tinto
-1.9578091233078099,-0.8821291853624973,6,Tinto
-2.934255577450133,4.109255576619767,5,Tinto
-1.3957030894915188,-0.0996120317713188,5,Tinto
-2.530804932394257,0.32462301025838963,5,Tinto
-2.869296402025015,1.678235684214544,6,Tinto
-2.530804932394257,0.32462301025838963,5,Tinto
-2.4727212843825517,0.29919428840122214,6,Tinto
-2.4222608499126808,-0.4266353962839584,6,Tinto
-2.186888000384106,-0.44436538950489707,7,Tinto
-2.4222608499126808,-0.4266353962839584,6,Tinto
-2.186888000384106,-0.44436538950489707,7,Tinto
-4.347941020165782,0.5570951785337104,3,Tinto
-2.256073891868497,-0.23273872083010683,5,Tinto
-3.305074992906832,0.053652367091388785,7,Tinto
-3.305074992906832,0.053652367091388785,7,Tinto
-2.509548123494895,-0.3483306449389321,7,Tinto
-2.509548123494895,-0.3483306449389321,7,Tinto
-1.9062507103087933,1.622675144516853,5,Tinto
-2.3824663643745967,0.19649362114862678,5,Tinto
-3.1942429672304087,-1.5382511322129433,6,Tinto
-1.8797857164552956,-0.2809711879802392,6,Tinto
-1.8122312910651321,-1.1843707715199376,6,Tinto
-2.97808431081456,0.2614268989109649,6,Tinto
-2.055661806665686,1.923390793691631,6,Tinto
-3.006326069816906,0.33011773549370504,6,Tinto
-2.8007694030141552,0.5469112100726932,7,Tinto
-1.8122312910651321,-1.1843707715199376,6,Tinto
-2.6295829935559683,-0.19275031581959867,6,Tinto
-3.5765316550660975,-0.529729677921451,5,Tinto
-1.2553936874617564,1.1148580906424232,6,Tinto
-1.5422007141842253,0.5703733270107377,6,Tinto
-2.9425498059463155,-0.06696596175143998,6,Tinto
-2.4983968162832815,1.2331209983402092,5,Tinto
-1.5422007141842253,0.5703733270107377,6,Tinto
-2.9425498059463155,-0.06696596175143998,6,Tinto
-1.2553936874617564,1.1148580906424232,6,Tinto
-2.5342787697152223,0.15891782580580807,5,Tinto
-1.1240821420899816,0.4393340367427279,7,Tinto
-1.3691811402361855,1.3188983530115848,6,Tinto
-2.4999471751685496,1.4627148985267446,4,Tinto
-2.5342787697152223,0.15891782580580807,5,Tinto
-2.370876372488072,-0.2770560551945697,7,Tinto
-3.6972441823205098,-0.2833707012438321,5,Tinto
-3.0482312128887217,0.294806678035454,5,Tinto
-1.524401820102733,0.6818186513210608,6,Tinto
-3.0482312128887217,0.294806678035454,5,Tinto
-3.6972441823205098,-0.2833707012438321,5,Tinto
-1.7882648916706154,-0.12663984062271988,6,Tinto
-1.7882648916706154,-0.12663984062271988,6,Tinto
-3.1236711138573274,2.1879516093718863,4,Tinto
-1.8721933958074444,-1.1527288472123665,7,Tinto
-2.765568328120176,-1.545247776838129,5,Tinto
-2.6190795210764444,0.08154220146907956,7,Tinto
-1.895373757259973,0.08418986530987246,7,Tinto
-2.362345860876414,1.9126010718895914,7,Tinto
-2.6293280471416396,1.8877759533315108,7,Tinto
-2.027021619264749,-0.04152701338489302,7,Tinto
-2.9199515475763635,0.9865408997104501,7,Tinto
-3.348262071407027,1.6553030382194613,7,Tinto
-2.3247185772867933,-0.5064326778820523,7,Tinto
-2.2523965548773,-0.1451400044470873,7,Tinto
-2.2523965548773,-0.1451400044470873,7,Tinto
-2.2523965548773,-0.1451400044470873,7,Tinto
-2.3247185772867933,-0.5064326778820523,7,Tinto
-2.278412088738592,-0.17694609027765107,7,Tinto
-2.561562996029687,0.014429445473893842,7,Tinto
-2.5888100981054514,-0.6871649462405652,6,Tinto
-2.0720556070159897,0.7489544332483926,5,Tinto
-2.781127965765198,0.6296522372951541,6,Tinto
-2.0722811374562773,0.7777618010949743,6,Tinto
-2.945741905015852,-0.31805115267374406,7,Tinto
-3.044404782082799,0.5698059890180908,5,Tinto
-2.449443983932061,0.29057608667016455,6,Tinto
-2.7084369910885133,0.3543643724858735,5,Tinto
-3.3919869674182377,0.467221704415659,5,Tinto
-1.9864121648480566,0.572076867692824,6,Tinto
-2.449443983932061,0.29057608667016455,6,Tinto
-2.02639378496188,0.3947594385749222,6,Tinto
-2.5654525212008186,0.41717232083784844,7,Tinto
-1.5930348755905552,1.5507918823472655,5,Tinto
-1.5675026274932746,-0.20744065648009205,6,Tinto
-2.896967232005827,-0.10519098320558329,5,Tinto
-2.976340088696825,1.2187661771699703,6,Tinto
-2.976340088696825,1.2187661771699703,6,Tinto
-2.895946223791975,1.0255882163382517,7,Tinto
-2.7066218692956303,0.19150433501417352,5,Tinto
-2.196151668742018,0.22492627062847942,7,Tinto
-1.130432198537251,0.6292595037690605,5,Tinto
-1.130432198537251,0.6292595037690605,5,Tinto
-1.2034032451834398,1.9505424612041067,5,Tinto
-1.6103650393306066,-0.8477800136942696,7,Tinto
-3.1589052787929814,1.875439262036863,5,Tinto
-3.005427331178002,0.8926185649156155,6,Tinto
-3.5263017434467643,1.392319530403321,5,Tinto
-1.6304898861017942,-0.7267528271388464,6,Tinto
-3.005427331178002,0.8926185649156155,6,Tinto
-3.1589052787929814,1.875439262036863,5,Tinto
-3.211846669644678,-0.9034573295404453,6,Tinto
-2.463893916586779,-0.010985597985689636,7,Tinto
-0.9845519958702228,0.4634594042020378,5,Tinto
-1.8308403696702833,0.5118102755421953,5,Tinto
-1.815025269830544,0.4390659555917562,6,Tinto
-1.8308403696702833,0.5118102755421953,5,Tinto
-1.0353262603140307,0.4168739765775501,5,Tinto
-1.2646266475918218,-0.1988923363771284,6,Tinto
-1.0353262603140307,0.4168739765775501,5,Tinto
-1.082099237447509,2.1644770906767543,5,Tinto
-2.735219883701203,0.33480154630443515,6,Tinto
-3.897085428455749,-2.2395834267579984,7,Tinto
-3.897085428455749,-2.2395834267579984,7,Tinto
-2.8980292125446647,0.9522308608020869,6,Tinto
-3.2355548603362854,-2.674811410168635,6,Tinto
-2.824248900710004,-0.6312505691377033,7,Tinto
-2.0060702265667136,1.1128103531010711,7,Tinto
-2.4969874708421123,0.06388494895634544,7,Tinto
-2.3049410757617657,-1.9017441736205114,7,Tinto
-1.6651112086494777,0.43370416972729425,5,Tinto
-2.3049410757617657,-1.9017441736205114,7,Tinto
-2.4969874708421123,0.06388494895634544,7,Tinto
-2.5630690800950067,0.08202968365276353,7,Tinto
-2.566350563067665,0.46087623063651684,7,Tinto
-2.4049993991767495,1.5908067725689845,5,Tinto
-2.087213762011644,-0.7929299897567115,7,Tinto
-2.050875620899708,0.538971842610434,6,Tinto
-3.5153107561159667,0.7376762658883884,5,Tinto
-3.0549546742924236,0.2481320444391463,6,Tinto
-3.4119885328754473,-0.012818377574351584,6,Tinto
-2.627494079544454,1.2554902739939167,6,Tinto
-2.5525635231023913,-0.3175635247155423,7,Tinto
0.580739923551355,-1.7734347630639784,6,Tinto
0.580739923551355,-1.7734347630639784,6,Tinto
-2.8593789409883854,-0.2888157226906936,5,Tinto
-2.9384559953099716,1.4214229788306745,6,Tinto
-2.9384559953099716,1.4214229788306745,6,Tinto
-2.6649761002113674,-0.5698133714752219,5,Tinto
-2.468292505666905,-0.40744526829464933,6,Tinto
-3.001312681140399,-0.15596244582313384,7,Tinto
-3.5258455655716903,1.0101545684749156,6,Tinto
-1.974645745388237,-1.3643617683985576,6,Tinto
-2.590232232727688,-1.429540596231679,5,Tinto
-0.8461291146458833,0.03829604486368077,6,Tinto
-3.001312681140399,-0.15596244582313384,7,Tinto
-3.2282613653077172,-0.9431921020390058,7,Tinto
-3.1152243024651116,-0.5564033851653453,7,Tinto
-3.6933589867516528,1.125019689133402,5,Tinto
-2.7186591583185913,0.10355147093437914,6,Tinto
-2.5652760836783868,1.1410024816294875,6,Tinto
-2.7217985758213685,1.164069381617815,7,Tinto
-1.4953349263755993,-0.9380457830388346,7,Tinto
-2.898978503715793,0.7348743734186788,5,Tinto
-1.9355899968582644,0.24678118983566635,7,Tinto
-3.018343498085373,0.7928830017469508,6,Tinto
-4.172470191290314,0.4668471929931663,5,Tinto
-2.4706507257877672,0.004693842484439866,6,Tinto
-3.018343498085373,0.7928830017469508,6,Tinto
-2.006338246590894,1.8199907126369033,7,Tinto
-1.511836493388824,-1.6031489834663928,6,Tinto
-1.8630294119570612,-1.1322260649923879,6,Tinto
-2.750594071338851,0.05486128844691597,6,Tinto
-2.0679889115017356,-0.05335700860278589,5,Tinto
-3.3457818729732214,0.9607245037232814,6,Tinto
-3.259387185763614,1.0485879894416752,6,Tinto
-2.0679889115017356,-0.05335700860278589,5,Tinto
-5.713076977259181,5.7151837443956754,5,Tinto
-2.7066018287548994,-2.471807778011858,5,Tinto
-2.645625398269456,-0.7200002753452389,7,Tinto
-2.426172560215404,1.6401417358332029,6,Tinto
-2.426172560215404,1.6401417358332029,6,Tinto
-2.7361323295508315,0.5170724171003753,7,Tinto
-1.0276403032011052,1.6164451784836362,5,Tinto
-2.309203263163155,1.5288808397308888,7,Tinto
-2.7361323295508315,0.5170724171003753,7,Tinto
-2.5264151140581115,2.194595590859696,6,Tinto
-2.5968629979513222,-0.19167771142374504,8,Tinto
-2.6002279577078102,0.14538568572308366,6,Tinto
-2.240906932594988,0.6660236518409823,6,Tinto
-3.488939047617642,-0.7742948857498024,6,Tinto
-2.9565948714595245,0.3736194173961601,6,Tinto
-2.87265968411775,-1.5601195712031635,7,Tinto
-2.6463422271478514,1.406738642034273,7,Tinto
-2.6463422271478514,1.406738642034273,7,Tinto
-2.1731767973314686,0.7750886003969216,5,Tinto
-2.19268055874071,0.5841863598568542,7,Tinto
-1.5631311734491626,2.1615344534430183,5,Tinto
-1.1482330421443545,0.5498224594961133,6,Tinto
-2.55367511418267,0.715543521850479,6,Tinto
-1.5631311734491626,2.1615344534430183,5,Tinto
-1.5304531639992953,1.2368084291399821,7,Tinto
-2.574489020268448,0.7165831654424477,6,Tinto
-1.9677808228063556,1.2941894785025831,5,Tinto
-1.9677808228063556,1.2941894785025831,5,Tinto
2.3580666313780365,0.19810340002070212,7,Tinto
-1.9658457274692065,-0.06271254882980076,6,Tinto
2.452925491017096,0.21508672563945472,7,Tinto
-1.2322491038223728,0.5191183483763435,6,Tinto
-1.9087258633482216,0.357649229561539,6,Tinto
-1.2322491038223728,0.5191183483763435,6,Tinto
-0.8419228517012387,0.06460953440615197,5,Tinto
-2.399542429069864,0.1987969235061855,7,Tinto
-1.468377911217004,-0.5189337326712922,6,Tinto
-2.3681711203208957,2.628952612675455,7,Tinto
-2.3681711203208957,2.628952612675455,7,Tinto
-0.6435944922902033,0.7358103664770075,8,Tinto
-2.3074224068664067,-0.1483878016481299,6,Tinto
-2.9740806311181713,-0.9567827627134592,6,Tinto
-2.8421999963463915,0.32815303140542673,7,Tinto
-3.0449888414095794,0.20011459737516968,6,Tinto
-2.1657758367209468,1.2399378219096902,5,Tinto
-3.0449888414095794,0.20011459737516968,6,Tinto
-2.5725722745420874,1.2087969987976823,5,Tinto
-3.606026277984042,0.7233291883328852,7,Tinto
-2.5725722745420874,1.2087969987976823,5,Tinto
-1.86108431161263,-0.27596661556178353,6,Tinto
-2.479803169797522,-0.9577118888595693,6,Tinto
-2.2416179715573508,-1.3436867184953059,6,Tinto
-2.479803169797522,-0.9577118888595693,6,Tinto
-2.4501162985270515,-0.7918425598889478,6,Tinto
-2.1701683370061335,-1.7833538158355433,5,Tinto
-1.7135741862520082,-0.9316509562394615,6,Tinto
-2.614382295187395,0.21349419157980232,7,Tinto
-3.457806090666057,1.105937914238102,5,Tinto
-3.0207513853227836,2.7790696028322603,6,Tinto
-3.088916883827617,0.1457631911191409,6,Tinto
-2.297304294842108,-1.621035229842965,7,Tinto
-2.070934116719069,-0.39247350844658035,6,Tinto
-1.9411515569548707,1.0789024246314962,6,Tinto
-0.720308613283741,-2.7189058047517047,6,Tinto
-3.1717621874415216,-0.40180039939148,6,Tinto
-3.1717621874415216,-0.40180039939148,6,Tinto
-3.1717621874415216,-0.40180039939148,6,Tinto
-2.1394711003640623,-2.2038243280637033,6,Tinto
-3.203159364213089,-2.542202918569832,5,Tinto
-2.8902265716598605,-1.1334649700962394,8,Tinto
-2.3758336940794544,-1.944895153869721,6,Tinto
-1.8889804992430823,-2.459810434808346,6,Tinto
-2.462843173738689,1.1724834877606418,6,Tinto
-3.7037642904533903,-1.0492408331297534,4,Tinto
-1.552969487753645,-0.4080888080451182,7,Tinto
-2.0583503859049457,-2.897304116746388,6,Tinto
-2.7230544286763623,-1.2524301161481568,6,Tinto
-1.8316333580856254,2.013427309258245,5,Tinto
-2.1397412531412265,1.8832591494138164,6,Tinto
-3.268458496171905,0.5635005249530369,6,Tinto
1.2526451617784522,-0.8868223730307682,5,Tinto
-2.6205171056910594,-1.354582985251344,7,Tinto
-2.787900398625792,0.0351739059414464,7,Tinto
-2.4915433182670794,-0.3538813233027404,7,Tinto
-1.4370025125802306,-0.6528065513314595,6,Tinto
-3.3769702863404154,1.3714522302721879,6,Tinto
-3.3769702863404154,1.3714522302721879,6,Tinto
-1.0531935083871065,1.480056888081882,5,Tinto
-2.043214076206583,1.1233108007400618,6,Tinto
-1.3417399294158363,0.7341346924532848,6,Tinto
-1.9984947139123113,0.6652018002967776,6,Tinto
-2.4285180986192447,-1.3595009301988437,6,Tinto
-2.310185767569646,0.03487021956422654,6,Tinto
-1.1057891757813207,0.007902514318132131,5,Tinto
-1.6644660864062781,0.6607837512694397,6,Tinto
-4.085127684450961,1.515249510776053,6,Tinto
-2.1379893855965126,0.766563798243403,7,Tinto
-2.5509667969193663,-0.20990314370579816,6,Tinto
-2.3134943774814154,0.07650118105770208,6,Tinto
-2.748644959289313,-0.7798046160759401,7,Tinto
-2.0295235934857208,-1.7647749867596376,6,Tinto
-2.6803265666378757,1.125710771278138,5,Tinto
-2.404523981104924,0.765868703636349,6,Tinto
-2.250004108039559,-0.599572326509563,6,Tinto
-2.6803265666378757,1.125710771278138,5,Tinto
-0.6756500515592148,0.13743935031418297,7,Tinto
-1.9348324877115095,-2.2258051909047016,7,Tinto
-2.589732540119082,0.6953273967731102,6,Tinto
-2.6923000626513387,1.6435142553583908,5,Tinto
-2.664395643287045,1.5071909724514552,7,Tinto
-2.563311170744523,0.870582680665644,6,Tinto
-2.112394358699887,-0.09778030920942854,7,Tinto
-3.5714193299276924,1.124675374728007,5,Tinto
-3.5714193299276924,1.124675374728007,5,Tinto
-4.942909996617736,4.702006137236944,5,Tinto
-3.294701969858822,2.268104502153524,5,Tinto
-2.074573392522352,-0.09411890655497332,7,Tinto
-1.535541700049632,-1.2430078649926866,6,Tinto
-2.8537223344598592,-0.3448742067032117,6,Tinto
-2.5127281203305554,0.6577782112440421,6,Tinto
-2.641501860887461,-0.43137919742459097,6,Tinto
-3.037780890571009,0.4159560608106494,6,Tinto
-1.5889979337064004,0.7005572674878833,6,Tinto
-1.5889979337064004,0.7005572674878833,6,Tinto
-2.417819589951348,-0.7018274146226263,6,Tinto
-2.883265324134859,-0.5505075576265375,4,Tinto
-3.3479204319768665,-1.8295721538221255,7,Tinto
-3.222639505843579,-1.6767326404544778,5,Tinto
-2.332535913507698,0.42350140260964525,6,Tinto
-2.332535913507698,0.42350140260964525,6,Tinto
-2.27622108256062,0.02441160669045102,5,Tinto
-2.1079966155973398,1.5883482518106948,6,Tinto
-2.2869689136257882,0.20639941655914334,5,Tinto
-2.152749175738515,-0.06717173526666631,5,Tinto
-2.054149879238608,-1.2006901780677497,6,Tinto
-3.2875841697152803,-0.770851944062315,5,Tinto
-2.054149879238608,-1.2006901780677497,6,Tinto
-2.152749175738515,-0.06717173526666631,5,Tinto
-3.745397980685172,0.6130197068297054,4,Tinto
-2.270676152054451,0.3214782996239291,6,Tinto
-4.5549286447549475,-0.006312279099398114,5,Tinto
-2.2331560269693544,-1.088946097237694,7,Tinto
-4.536508968778841,-0.03225687783343011,5,Tinto
-2.721457781277599,0.8005927597971175,6,Tinto
-1.8004754323796628,-0.00802110858210231,6,Tinto
-1.5676454378006612,1.0141745030011495,6,Tinto
-2.568660276286316,0.03911427707874533,6,Tinto
-1.2581047965953538,-0.06753094743493171,6,Tinto
-1.5676454378006612,1.0141745030011495,6,Tinto
-2.568660276286316,0.03911427707874533,6,Tinto
-2.089870926121708,-0.6151483359791391,7,Tinto
-2.827414246295596,-0.20170737900009478,8,Tinto
-2.161173007708955,2.609387369860715,5,Tinto
-1.9967894693820045,0.14333983695510555,7,Tinto
-1.9967894693820045,0.14333983695510555,7,Tinto
-1.9967894693820045,0.14333983695510555,7,Tinto
-3.759155717311345,2.73586946590999,5,Tinto
-1.9967894693820045,0.14333983695510555,7,Tinto
-2.420609785940542,-0.545001045337133,7,Tinto
-3.145286261805953,-0.4660225130151358,6,Tinto
-1.674130679006522,0.1917580554611088,5,Tinto
-3.145286261805953,-0.4660225130151358,6,Tinto
-2.681789415063089,1.1160393398691157,6,Tinto
-2.1124853439476547,1.0535535000691834,6,Tinto
-1.7399641218953699,0.19932328823479775,6,Tinto
-2.277132376603175,1.0849317961502996,6,Tinto
-1.1429694024367174,-0.2905999604752046,6,Tinto
-2.5128125363656517,0.43801984563593105,6,Tinto
-1.865492543663974,0.34199954715031144,6,Tinto
-2.948189807079418,1.831000378497433,6,Tinto
-2.948189807079418,1.831000378497433,6,Tinto
-1.1620426913150834,0.8039737920208812,6,Tinto
-2.8278512793817834,0.787333650872575,6,Tinto
-3.132629512848421,2.889431111432249,6,Tinto
-1.7064379480903888,1.8416649992767296,5,Tinto
-1.4060632679518286,0.737397993949996,5,Tinto
-3.3763478460788465,1.6273262185157327,5,Tinto
-2.0898926344729745,-3.360119793641175,7,Tinto
-1.8292016316886328,0.7780537704456856,5,Tinto
-1.6689692128990572,-0.5497501394044461,6,Tinto
-2.1291503479264686,0.2297099158126415,5,Tinto
-1.8292016316886328,0.7780537704456856,5,Tinto
-1.4242983730587586,1.0360722933999107,4,Tinto
-2.974346671839466,-2.2332688218403183,6,Tinto
-0.08539542207568954,-0.1611385913707184,4,Tinto
-2.9410604906006172,0.41260781766725974,6,Tinto
-2.974346671839466,-2.2332688218403183,6,Tinto
-3.109876562072706,0.6489971631908105,4,Tinto
-2.8482991954547834,-1.3109498300298728,4,Tinto
-1.0639962717250528,0.43132494775651026,5,Tinto
-1.3881368467977502,1.6034838871961263,5,Tinto
-1.9511810730358217,-0.46694382772414694,6,Tinto
-2.3508299748093604,1.2638401029519126,5,Tinto
1.9719480670161993,0.8910075562768749,6,Tinto
-2.9088692501233173,0.11394808316633749,5,Tinto
-2.427677691247381,0.14689620705499756,5,Tinto
-2.9088692501233173,0.11394808316633749,5,Tinto
-2.179999058981905,-0.276522293967007,6,Tinto
-2.606231500737642,-0.5399755006747315,6,Tinto
-2.606231500737642,-0.5399755006747315,6,Tinto
-1.933340036229888,0.4816356570766252,5,Tinto
-3.8577752437889195,0.34777604255782446,5,Tinto
-3.6178235796915614,0.2636459712611597,5,Tinto
-3.2326625677094496,0.05417074151170141,5,Tinto
-2.052300903660163,-1.4361224335428142,5,Tinto
-0.9005985147211527,0.6060648357826971,5,Tinto
-2.2375668760894767,0.374774586920856,6,Tinto
-3.375470706073143,-0.34306420075293353,6,Tinto
-3.375470706073143,-0.34306420075293353,6,Tinto
-5.363250171146078,5.527070846537623,5,Tinto
-3.932740415048166,-1.0219494113311798,4,Tinto
-1.4120962413812062,1.6828148610886742,5,Tinto
-3.2741685446890503,0.743605814357285,4,Tinto
-2.028366307295734,-0.37466015101224515,6,Tinto
-2.6397109241567627,-0.16312691946314745,6,Tinto
-2.6397109241567627,-0.16312691946314745,6,Tinto
-2.801668067669215,1.2398687862392352,6,Tinto
-1.6640454439492958,0.3402020800987351,6,Tinto
-2.0170852594493938,-3.145026904903035,8,Tinto
-2.154871532431465,-3.6824589460551205,6,Tinto
-1.5839688341026548,-1.302974612272706,6,Tinto
-1.9850990802084514,-1.562989812511415,5,Tinto
-1.1937910527606768,0.4095538651061447,5,Tinto
-2.586583001359876,-0.2671533815421105,6,Tinto
-2.21740721023516,0.9775765962053324,6,Tinto
-2.0481949326139506,-0.21372408417403999,4,Tinto
-3.6914494083773124,0.38725227322728284,6,Tinto
-2.21740721023516,0.9775765962053324,6,Tinto
-2.2811528441073827,0.003072756345002218,7,Tinto
-1.832785878140797,-0.05126796304567924,6,Tinto
-1.832785878140797,-0.05126796304567924,6,Tinto
-3.7613007917476518,0.07556643642161091,6,Tinto
-2.5124950258357193,1.3017897347554765,6,Tinto
-1.9526791459023836,-0.6939775668830501,5,Tinto
-2.0505928810628213,1.8423617436989885,5,Tinto
-1.153383938322585,-1.4233476053276861,6,Tinto
-2.688890970341146,-1.93337261509478,5,Tinto
-2.468631910309544,1.8203653889068656,5,Tinto
-2.468631910309544,1.8203653889068656,5,Tinto
-3.80420225774802,-0.2855656027606475,5,Tinto
-2.6833506817188773,0.384145485742853,6,Tinto
-2.4368064257144333,-2.1176608973285242,6,Tinto
-3.3697286171051384,0.24675876828222532,4,Tinto
-2.6833506817188773,0.384145485742853,6,Tinto
-0.8531498190672581,0.39504910781297314,5,Tinto
-0.8531498190672581,0.39504910781297314,5,Tinto
-2.514709728079612,-1.3891381598623704,6,Tinto
-2.808020285044834,-2.453092045491261,6,Tinto
-5.888072925533591,0.22316853718243657,3,Tinto
-3.3352450640238613,-2.1937569781496213,6,Tinto
-3.8042541037366493,-0.37431951780249884,6,Tinto
-2.9588284095313457,0.2873617113134157,6,Tinto
-1.3387435919684396,0.015735446476511122,5,Tinto
-1.9365977816884685,0.8707612518593653,5,Tinto
-1.602851094447218,0.4969469022001881,5,Tinto
-2.451200315846764,1.728996253262995,5,Tinto
-2.5872146547988164,-0.6807984871845796,4,Tinto
-2.451200315846764,1.728996253262995,5,Tinto
-1.9397980354124837,0.4264712088070065,5,Tinto
-1.602851094447218,0.4969469022001881,5,Tinto
-2.3444637454464448,-1.8688478682946779,6,Tinto
-3.782808262528904,0.40264262229674375,5,Tinto
-1.5334846531396769,-0.0875502036175104,6,Tinto
-1.3745431980924918,-0.07500848891732892,6,Tinto
-1.9032584819037237,0.7080102210867584,6,Tinto
-3.4038203756208008,-3.0700151089675525,6,Tinto
-2.6588190625666797,0.8582709403319315,6,Tinto
-1.9032584819037237,0.7080102210867584,6,Tinto
-5.975820876948395,6.311564797918657,6,Tinto
-2.7110699159177423,1.840874457727177,5,Tinto
-3.330141671716374,-3.173793503903681,6,Tinto
-1.9423517995979376,-0.2999333021846135,5,Tinto
-1.9396562365935826,0.5046932236993535,7,Tinto
-2.100945429039439,-0.494583660232533,6,Tinto
-2.100945429039439,-0.494583660232533,6,Tinto
-2.100945429039439,-0.494583660232533,6,Tinto
-2.100945429039439,-0.494583660232533,6,Tinto
-2.054036537191223,-0.12213097360985585,5,Tinto
-1.8199435089471059,0.600116653855058,6,Tinto
-1.8199435089471059,0.600116653855058,6,Tinto
-2.1760588827456377,1.485681152928359,5,Tinto
-1.942145313192743,0.25881776208542207,6,Tinto
-2.7868438953041,1.4006182434821222,5,Tinto
-4.372920826226885,0.70978114083579,5,Tinto
-2.6671351710533795,-1.5964526379145285,6,Tinto
-1.873949756990537,-0.9732400965165638,5,Tinto
-1.873949756990537,-0.9732400965165638,5,Tinto
-1.873949756990537,-0.9732400965165638,5,Tinto
-2.6402352301147998,-0.3869961447932391,6,Tinto
-2.6402352301147998,-0.3869961447932391,6,Tinto
-2.6402352301147998,-0.3869961447932391,6,Tinto
-2.5922272475193613,-0.22444529051585418,6,Tinto
-2.6402352301147998,-0.3869961447932391,6,Tinto
-2.48402247836052,1.7943898359162713,5,Tinto
-2.072848060097762,0.21477975654892933,6,Tinto
-2.993932494493348,-1.5989630507448758,5,Tinto
-2.756796001143716,-0.13791079146070268,5,Tinto
-2.756796001143716,-0.13791079146070268,5,Tinto
-2.356424273697683,-0.6580766424396098,5,Tinto
-1.8769077945572885,0.913594724877756,5,Tinto
-2.6123730930269584,-1.4333612568303307,6,Tinto
-2.5743164579227655,0.08527583887957098,5,Tinto
-2.5743164579227655,0.08527583887957098,5,Tinto
-2.7130681814382718,-0.21525596339504163,5,Tinto
-1.65219314551889,-0.7187066955732581,5,Tinto
-1.7406573118491593,-0.7326526805426351,5,Tinto
-1.9247725345337297,-0.2926523337168559,6,Tinto
-1.4197139220251496,1.9446100275633273,5,Tinto
-2.9978327523362807,2.068371140532304,6,Tinto
-2.831219010744361,1.0372527623935863,5,Tinto
-3.2582776959400186,0.9048858104730688,5,Tinto
-2.9978327523362807,2.068371140532304,6,Tinto
-2.6687162008917564,0.7981867711779341,4,Tinto
-3.1889083611368316,-0.9780319835736153,6,Tinto
-2.647141504857029,1.0929258782011564,5,Tinto
-2.80826415377579,0.3122073132142704,5,Tinto
-2.9046749076340412,1.2960436267718354,6,Tinto
-2.258651844727702,0.906543698745235,6,Tinto
-2.6195644384428074,-1.215739352427093,4,Tinto
-6.0876940512692554,5.596851605567996,5,Tinto
-3.8996819533410063,1.2304917318343818,6,Tinto
-6.0876940512692554,5.596851605567996,5,Tinto
-1.5932750860207796,1.4195140349970674,5,Tinto
-4.5476245904604955,1.3876744923372692,3,Tinto
-1.6019248247064055,0.3905448858132321,5,Tinto
-3.0772592230979803,0.44461487140408645,5,Tinto
-2.0957986907646475,-1.4074238223561955,6,Tinto
-2.139683858253425,0.007769579621100623,6,Tinto
-2.8574074101440385,-0.32357015758816376,6,Tinto
-2.8574074101440385,-0.32357015758816376,6,Tinto
-3.126510282373891,-0.17283158649836455,5,Tinto
-1.5163248719235387,0.5876558571172343,5,Tinto
-1.5163248719235387,0.5876558571172343,5,Tinto
-2.161768097104879,0.7825374872537039,5,Tinto
-1.4546647508557267,1.231692844937519,5,Tinto
-3.1135711035992806,0.46210088188576554,5,Tinto
-3.1135711035992806,0.46210088188576554,5,Tinto
-2.4055111530368536,0.7563238296451219,5,Tinto
-0.6588689113510143,0.12325910280896675,5,Tinto
-2.6364056808417997,-2.3146614240752,6,Tinto
-3.180521129143729,0.18802148859746376,5,Tinto
-2.5930585947427685,-0.4272505621482159,5,Tinto
-1.8397606481871653,0.3163022466827014,5,Tinto
-1.203198262209886,0.39347803654243224,5,Tinto
-3.739494305198962,1.0832221280523633,6,Tinto
-3.702570719960428,1.086538045900126,5,Tinto
-1.5601805187999975,0.41001608193268235,5,Tinto
-2.9999096203297917,-0.0027308255892887255,7,Tinto
-3.434574214327491,-0.5254535033521682,6,Tinto
-1.1844445296785526,0.7892317770503536,5,Tinto
-1.1844445296785526,0.7892317770503536,5,Tinto
-2.49801563103821,-0.39628678885087737,6,Tinto
-2.945916602061351,0.6856052242388587,8,Tinto
-2.452071799369004,0.8307042424098178,6,Tinto
-2.171749527529295,-0.10404473676170789,7,Tinto
-2.2449959192859197,0.8976276413605087,6,Tinto
-2.364232551153541,-0.6327247220591671,6,Tinto
-1.7975892209762445,-0.24777485358431142,7,Tinto
-2.364232551153541,-0.6327247220591671,6,Tinto
-3.9269068467426176,-1.5481894080742675,6,Tinto
-2.683236133316622,-0.13776267376875714,6,Tinto
-2.2449959192859197,0.8976276413605087,6,Tinto
-2.9022487781092074,1.9640741369347443,5,Tinto
-2.5867137026203677,2.349583370858372,5,Tinto
-3.4521984357685844,-0.058620663950129985,5,Tinto
-2.5867137026203677,2.349583370858372,5,Tinto
-1.9965153965855418,-0.6049630000462279,7,Tinto
-2.5494850470811286,-0.14673146277859175,5,Tinto
-0.9927342128344993,0.4516274992762864,5,Tinto
-2.5494850470811286,-0.14673146277859175,5,Tinto
-1.6545111346582926,0.48858896595666307,5,Tinto
-2.4472265820328083,-0.34600962176631694,6,Tinto
-3.0624708477989584,0.05112185703136114,4,Tinto
-2.118531537310361,1.0055630018646424,6,Tinto
-2.118531537310361,1.0055630018646424,6,Tinto
-1.420269030270829,-0.46158219064033834,6,Tinto
-2.2981039607449203,-0.18158342819863207,5,Tinto
-2.5231557828854494,-0.1127222035320001,5,Tinto
-1.1194202511217117,0.17746259554631968,5,Tinto
-1.9102512886124305,-0.1417010020741671,5,Tinto
-1.4621587238505112,0.31946311835236557,6,Tinto
-3.1476910370998,-1.7093100369257526,6,Tinto
-2.392996051479695,-0.41873828554241127,7,Tinto
-1.5492872762643843,5.839438859363465,6,Tinto
-1.5492872762643843,5.839438859363465,6,Tinto
-2.0947117119555396,3.3861261753850944,5,Tinto
-2.996550159560096,-0.15222799966341122,5,Tinto
-2.8513372635278107,-0.7887418434311899,5,Tinto
-2.151762624908429,-0.17810270187884988,6,Tinto
-1.9798707732609715,-0.4336359310210493,7,Tinto
-1.8158198143774529,1.3311600943336546,6,Tinto
-3.06335605234051,0.36522352293216037,5,Tinto
-2.4859975548662634,-1.5026952514430718,5,Tinto
-2.154737278251761,-0.19109991018766348,6,Tinto
-1.8187944677207877,1.3181628860248291,6,Tinto
-3.06335605234051,0.36522352293216037,5,Tinto
-2.9699189243984723,0.3953988281560327,5,Tinto
-2.180892805348459,0.41786342888242956,5,Tinto
-2.0147738941390863,-0.4490119632330795,8,Tinto
-1.9798707732609715,-0.4336359310210493,7,Tinto
-2.6579558040921247,0.8135667550068545,7,Tinto
-2.154819711978088,-1.071645762543646,7,Tinto
-1.4227948299415687,0.994827920634311,5,Tinto
-2.9161424828716482,2.360165421985318,6,Tinto
-3.73245759875223,-1.0399456141910797,6,Tinto
-0.793979220697829,-1.413504507238172,6,Tinto
-1.4227948299415687,0.994827920634311,5,Tinto
-2.1433376880321777,0.1533379142573778,5,Tinto
-2.258597110702753,-0.7352302485687225,7,Tinto
-1.4332910737815021,-0.20749621280438868,6,Tinto
-3.5805401887435364,-0.489964082417102,4,Tinto
-2.7302246135868464,-0.394346459733281,6,Tinto
-2.5847277427494237,-0.6182771330704084,6,Tinto
-1.9988429818468443,0.032271144223059316,5,Tinto
-1.9988429818468443,0.032271144223059316,5,Tinto
-1.492491258914701,0.6212253582737663,7,Tinto
-3.6550272845461773,-0.32313794135360496,4,Tinto
-1.492491258914701,0.6212253582737663,7,Tinto
-3.0195964008013316,0.5100043180512133,3,Tinto
-2.7695925129030465,1.2167591727146498,5,Tinto
-3.042799255961251,-1.7472334037218897,5,Tinto
-1.7615790640721862,0.5788978653514452,6,Tinto
-2.3092054909944935,-1.3024325222303534,5,Tinto
-1.4854301382507407,5.480900286676611,5,Tinto
-2.2778425152980866,-2.685949669032957,7,Tinto
-1.4854301382507407,5.480900286676611,5,Tinto
-2.280817168641419,-2.6989468773417706,7,Tinto
-3.489790142268219,0.5785678780342868,3,Tinto
-2.2204886424493906,1.283172163055167,5,Tinto
-3.3652286096799675,-1.0045074307246724,4,Tinto
-2.2204886424493906,1.283172163055167,5,Tinto
-2.881178775918141,0.9625082479315602,4,Tinto
-2.0377705023347725,-0.24990479239066107,5,Tinto
-4.037520702925513,-0.5818323856404225,4,Tinto
-2.7700721398589265,0.11918704943149984,5,Tinto
-2.8554486635679406,-0.18289889866964493,5,Tinto
-3.3820135247775136,-0.7981314674003737,5,Tinto
-3.0296140484610476,-2.086665620382288,5,Tinto
-3.0763748885865185,-1.0304742547192527,6,Tinto
-1.4773990315719288,-1.6653339530831917,6,Tinto
-3.0296140484610476,-2.086665620382288,5,Tinto
-3.076925995279793,-2.074201833916605,5,Tinto
-1.1846520492083625,0.9316892786527653,5,Tinto
-2.093148372365159,-0.7171294740937426,7,Tinto
-2.814891289748633,-0.36352373942631505,6,Tinto
-1.1846520492083625,0.9316892786527653,5,Tinto
-3.4191716343492757,-1.0613035006282836,6,Tinto
-3.8122990437106794,-0.619407209855486,6,Tinto
-3.4191716343492757,-1.0613035006282836,6,Tinto
-3.0835668211394935,0.0374682802077193,5,Tinto
-2.0788206062821626,1.3198693838350877,5,Tinto
-2.0943598055164,0.38008691218771845,5,Tinto
-2.5989764546445664,-0.4836882354197934,6,Tinto
-2.3695701798050957,0.18420978339413666,6,Tinto
-3.7444165559988543,-0.2538431299681718,3,Tinto
-3.8240306384561595,-0.5374036265170091,6,Tinto
-2.3695701798050957,0.18420978339413666,6,Tinto
-1.6793030855290147,0.7252341369042876,6,Tinto
-1.8451172399736977,-0.4714120211427143,5,Tinto
-1.6377855772835688,-0.017994347205155813,6,Tinto
-3.018500237897832,0.2666363140967673,5,Tinto
-3.4538912382915887,-0.535967046648996,6,Tinto
-2.01089272437101,-0.8199058149145958,6,Tinto
-2.989862669934344,1.2267849559191322,6,Tinto
-2.991349996606012,1.2202863517647178,6,Tinto
-2.0295844205267026,0.05293587608351278,5,Tinto
-2.339321466426922,-0.32817939818538494,6,Tinto
-2.660327252847488,0.7438582155831557,5,Tinto
-3.1580508336702735,0.18740858611959124,5,Tinto
-2.339321466426922,-0.32817939818538494,6,Tinto
-2.107592093883109,0.11638752103241708,4,Tinto
-2.0295844205267026,0.05293587608351278,5,Tinto
-1.5467903473964335,-0.11983941695261073,5,Tinto
-1.9928863182826313,-0.18108090694344134,6,Tinto
-2.1061831170564047,-0.1705147939299097,5,Tinto
-2.029900223023542,-0.05569498115440425,6,Tinto
-2.629100162038456,-0.48215886422178916,6,Tinto
-1.519223150248414,1.0855647911975885,6,Tinto
-2.015718814287476,-0.02541199032714195,6,Tinto
-2.6735319043851167,-1.132688672642604,6,Tinto
-3.221283011071017,-0.24538290037327623,5,Tinto
-2.259400137341705,0.10930391396820278,6,Tinto
-1.2176422955863198,1.0875484078311162,5,Tinto
-2.5906834645356334,-1.2655711433900323,7,Tinto
-2.366594794014309,0.09618362394151682,6,Tinto
-2.4892092663834053,-0.636968157119816,6,Tinto
-2.3140969158178675,-0.9839819784374821,6,Tinto
-3.136958840091349,-1.1867961703214958,5,Tinto
-1.6515642065892968,0.5827421230695273,5,Tinto
-2.661225574230336,-0.8742674037968025,6,Tinto
-1.6958415709684547,-0.10319809176349358,7,Tinto
-2.6321431484319517,-0.5807725428559272,6,Tinto
-2.5329556675176943,1.4545601514063196,6,Tinto
-2.302058246933245,0.3762350328879044,7,Tinto
-2.308142474969401,-0.10907719843568323,6,Tinto
-2.628860664204035,-0.27334732929998506,5,Tinto
-2.6271383360390748,-2.174383615347299,5,Tinto
-2.1101298172163134,2.129053885355721,5,Tinto
-2.0699910397587744,-0.5047348900904932,8,Tinto
-2.9580353136859787,0.4494300395734381,5,Tinto
-2.8638766215706353,0.44424634053901557,5,Tinto
-2.694953540331957,-0.3766490425483555,6,Tinto
-3.1021923408892444,0.6106999127540588,5,Tinto
-3.4810754958041206,-0.6466575876757178,6,Tinto
-2.7473475468743795,-0.42891397732606834,7,Tinto
-3.474807649723468,-0.1936471824718444,5,Tinto
-3.4810754958041206,-0.6466575876757178,6,Tinto
-1.1551591327814448,3.020406449820217,5,Tinto
-1.013170944307367,0.7871724876817888,5,Tinto
-1.013170944307367,0.7871724876817888,5,Tinto
-1.013170944307367,0.7871724876817888,5,Tinto
-2.7988496531591074,-0.026807011300569894,5,Tinto
-2.7988496531591074,-0.026807011300569894,5,Tinto
-2.7988496531591074,-0.026807011300569894,5,Tinto
-2.870054432483846,-0.5234905927048971,6,Tinto
-0.7137053877286107,-0.30286065458617667,6,Tinto
-2.7988496531591074,-0.026807011300569894,5,Tinto
-2.0807885847838206,0.4213551875167262,5,Tinto
-2.2445772869092755,-1.5424321590608236,6,Tinto
-3.4727802698728794,0.6090803079362604,6,Tinto
-1.9732199456115755,-1.2107975992175837,6,Tinto
-1.2056386355606472,0.7330278716927258,5,Tinto
-2.723270802796413,-1.4580476981374202,6,Tinto
0.7648585487942839,0.9909256335838019,6,Tinto
-2.3169878134171915,-0.5086343782506274,6,Tinto
-1.9608762886702253,0.6851416961466377,6,Tinto
-2.9258560970542793,-0.7465150310753115,6,Tinto
-3.5244086013290046,-0.19319877421560586,6,Tinto
-2.325048423234403,-1.507123817636553,5,Tinto
-2.1168796516411708,-0.8565481123889884,6,Tinto
-2.325048423234403,-1.507123817636553,5,Tinto
-2.790038859708045,-1.8694514007050385,5,Tinto
-0.9119165071580068,0.18178672114411576,5,Tinto
-1.5875347033336993,-0.44090591667009515,7,Tinto
-1.881453910867855,-0.08852294960762246,6,Tinto
-1.4595477218433508,-0.05215406814056659,6,Tinto
-2.7352163464888593,-1.0752152552808376,6,Tinto
-1.832691217087352,-0.6023492537786322,6,Tinto
-1.269513731216016,1.2496134314136156,5,Tinto
-2.523691661194164,-0.9686543205587294,6,Tinto
-3.2625770578546867,-1.5984249661183003,6,Tinto
-2.274635411315926,-0.42367872544522595,6,Tinto
-2.6939686293972414,0.43967719536390065,6,Tinto
-2.194778435099992,-0.5416671422855233,5,Tinto
-2.042959499028755,-0.8949399433588678,6,Tinto
-2.274635411315926,-0.42367872544522595,6,Tinto
-2.479375174435187,-0.3927487012498127,5,Tinto
-1.258604312161582,-0.38334375682174016,6,Tinto
2.7784045375995126,3.0420962007149224,6,Branco
-0.12978317345527082,-0.49164492079896355,6,Branco
0.1947230911699163,0.3787252080999996,6,Branco
1.8071672411743387,0.5895474234142088,6,Branco
1.8071672411743387,0.5895474234142088,6,Branco
0.1947230911699163,0.3787252080999996,6,Branco
0.682629796171821,-0.09402784965766792,6,Branco
2.7784045375995126,3.0420962007149224,6,Branco
-0.12978317345527082,-0.49164492079896355,6,Branco
0.22322113116089917,-0.5658697162112386,6,Branco
-0.756696260350726,-1.4381734893986824,5,Branco
-0.038953123071593806,0.4267296596732765,5,Branco
-0.7126096405433654,-0.9127157893270036,5,Branco
0.553533134699205,-2.205349675291554,7,Branco
1.8448243340598205,3.451860170305828,5,Branco
0.27729375739481016,-1.7116879792691146,7,Branco
-0.4206854494426964,-1.1713427337681952,6,Branco
-0.8536682160786714,-2.6984005457209728,8,Branco
0.2038654264620286,-1.1068447129297494,6,Branco
0.631628373001768,0.14441478847644088,5,Branco
-0.8536682160786714,-2.6984005457209728,8,Branco
0.2805488928373872,-1.6275664425236054,7,Branco
0.24534734875970488,-0.9510202969866799,8,Branco
-0.7486333865415216,0.463408714357175,5,Branco
-0.13890176384732528,-0.44000973079059935,6,Branco
2.3383735159193364,0.4624274857373973,6,Branco
0.3362251168383423,-0.873644049984627,6,Branco
0.545642710394533,0.32899527386816513,6,Branco
-0.06199422343712805,-1.3101713821313163,6,Branco
-0.11786125745853737,-1.5461040863314708,7,Branco
0.5306708776293111,1.3200530752394783,6,Branco
-1.1162678803603823,-1.0148108163099905,6,Branco
0.1278154670294786,-1.0112391974735488,6,Branco
0.7488519494418818,-0.5097498261616916,6,Branco
1.5429932690178771,0.09940511972128215,5,Branco
-0.2845205147099374,-1.784539565659427,5,Branco
0.5059618750093964,-0.59594754967435,5,Branco
0.7686773199803337,-1.6298695374445533,6,Branco
2.270188367402636,2.5654360508912695,5,Branco
2.270188367402636,2.5654360508912695,5,Branco
1.0003542711653346,1.0304606799285503,6,Branco
1.0425386342718197,1.0567189936081036,6,Branco
0.7144439963326833,0.5601676260434246,6,Branco
0.4127067989183814,-0.32806640579105023,6,Branco
0.3721298805617963,-0.3111796109621598,6,Branco
0.7892998328792936,-0.2943472486962787,7,Branco
1.3279581035044437,0.0723303236899558,4,Branco
1.282547824229268,0.09125575843860602,5,Branco
0.7144439963326833,0.5601676260434246,6,Branco
0.6113508667725208,0.10331695267171952,5,Branco
0.4549777631175449,-1.5440080999552017,6,Branco
-0.10477564547008826,-1.3013968266415534,7,Branco
-0.20978524173679716,-1.829889390071876,7,Branco
0.7109377165853934,-1.8528703839528742,6,Branco
0.5999239181261257,0.8744559058432992,6,Branco
0.9057845273094515,-1.3226430725838492,6,Branco
2.1919945950140356,1.16204660104282,6,Branco
2.155387735814446,0.8497309284098451,6,Branco
-0.08153026250984212,-0.8778749844285754,6,Branco
0.7292629213844161,-0.970048437168422,6,Branco
0.5433053081170219,0.9097987681610537,6,Branco
2.155387735814446,0.8497309284098451,6,Branco
0.014281181758238072,-1.544414236513511,5,Branco
-0.08153026250984212,-0.8778749844285754,6,Branco
0.3842348240997873,-0.9070442577338932,6,Branco
-0.39003389883405015,-0.5423284641077897,5,Branco
0.3971897972263274,-2.180031065314811,7,Branco
2.0770932450809063,-0.8933902548197703,5,Branco
-0.3572463563717615,-1.0351505573271793,8,Branco
0.7757349892280796,0.6858359996302393,5,Branco
2.4896124141103586,1.1043677385452917,6,Branco
1.3144470497183849,0.6005986141833759,5,Branco
0.010523352328015736,0.03456973637704339,5,Branco
-0.47930374558970523,0.6116914680718313,6,Branco
-0.3572463563717615,-1.0351505573271793,8,Branco
0.7757349892280796,0.6858359996302393,5,Branco
0.15013737862424287,-2.5945556990173126,7,Branco
-1.1774391274987726,-1.7761881477163208,7,Branco
0.6813459996622615,1.2218743915038666,5,Branco
-0.39000145133486025,0.3017030176181616,5,Branco
-0.5432059323034039,-0.7511488659843241,6,Branco
2.0486033094279,2.076859848239128,6,Branco
1.0334636239588417,0.14678361522266153,5,Branco
1.6315848417865855,0.7678112676248475,6,Branco
2.007439518396724,2.1249975741235003,5,Branco
1.8937880573673431,2.145681337551841,6,Branco
2.1324875018019243,2.0952388696307365,6,Branco
2.7063631365319187,1.325741713158796,6,Branco
2.007439518396724,2.1249975741235003,5,Branco
1.8937880573673431,2.145681337551841,6,Branco
2.1324875018019243,2.0952388696307365,6,Branco
2.9986489646756755,1.0105349194617692,5,Branco
0.8624371675042543,-2.4355422034328105,7,Branco
0.9669810597041296,-2.451872748888029,7,Branco
1.1256370682855041,-1.4221990079482554,7,Branco
3.1615364703114333,1.5331100636379982,6,Branco
2.002231662323732,2.125862706675646,6,Branco
-0.17662824941811,-1.228531393659394,7,Branco
0.1411273677185032,1.2429400663942716,4,Branco
2.002231662323732,2.125862706675646,6,Branco
2.5188753936747452,2.0307276251394573,5,Branco
2.1290830166651,0.6783096738976927,5,Branco
2.1624492267806765,0.6484519690440252,5,Branco
2.367197678593297,2.9942075255183376,5,Branco
2.5188753936747452,2.0307276251394573,5,Branco
1.648053291287948,1.2680559063663608,6,Branco
2.1290830166651,0.6783096738976927,5,Branco
2.459690246321582,2.2717319517359096,6,Branco
2.459690246321582,2.2717319517359096,6,Branco
0.3931672303824614,-0.6092421242462293,5,Branco
2.8426716465488497,1.6572284686305816,6,Branco
3.192980905268849,3.0967838241172196,5,Branco
2.8938591407632823,2.3315682734924392,5,Branco
0.6771035400263627,1.110880349520792,5,Branco
0.6771035400263627,1.110880349520792,5,Branco
-1.5911191919469045,-1.4418642885232136,4,Branco
0.3128058915329909,-1.8633729489145283,6,Branco
0.06686901768001417,-1.9772743998817637,6,Branco
2.8938591407632823,2.3315682734924392,5,Branco
2.4396823972616657,2.341953360330311,5,Branco
-0.3888440835802297,-1.0012782835693552,5,Branco
1.4646322303644912,2.2076672167027893,5,Branco
0.9371794509933141,0.1495029794181776,5,Branco
0.5328555911727486,0.08005846176688783,6,Branco
1.2512156153952816,-0.3215772736057292,6,Branco
1.4791535852873694,-1.5812741875089498,6,Branco
0.44837531780321044,-0.32374898586281975,5,Branco
1.568535965783157,0.24825252518782934,7,Branco
1.2137918002528985,-0.775951392186364,7,Branco
1.1951982696313965,-0.7709151994411769,6,Branco
0.05873937579364734,-1.2550742887900384,5,Branco
1.568535965783157,0.24825252518782934,7,Branco
2.49012708747053,1.8997495149964796,5,Branco
2.2943800639868654,1.5487903401131253,5,Branco
2.038504730604681,0.8450563860220887,5,Branco
1.9495724395321474,1.4573070771584973,5,Branco
0.7225328460045847,-0.9511839971738479,6,Branco
1.9434788822907088,2.0055546888918694,5,Branco
0.2928694758717097,-1.2561741453193307,7,Branco
-0.679023345110795,-1.322042444921595,6,Branco
-0.3291795854865108,-1.1429333474317478,5,Branco
1.9434788822907088,2.0055546888918694,5,Branco
0.2049055865746656,-0.8689235368385497,6,Branco
0.06450143789259682,0.3892046257323945,6,Branco
-0.28261183431711834,-0.9438209716215874,6,Branco
0.980294503935734,-1.6017462090178896,6,Branco
1.7774916214726253,-1.5043865549618265,6,Branco
-0.954228695035516,-0.0625518704779072,4,Branco
-0.6928191786685615,-1.8470272261541345,7,Branco
0.7022549984976733,0.005776619334884551,6,Branco
1.6781826665606607,-0.47405632439947126,7,Branco
1.9623563746030743,1.211780673252877,6,Branco
0.7022549984976733,0.005776619334884551,6,Branco
0.6360788219273795,-0.8932384196633676,5,Branco
-0.7796659152702154,1.4535467707410346,6,Branco
2.7367301950161815,2.4051296797027106,6,Branco
2.7367301950161815,2.4051296797027106,6,Branco
0.32610401588686627,-2.723658422567684,7,Branco
0.19108051760377845,-3.262887143503157,8,Branco
0.19108051760377845,-3.262887143503157,8,Branco
0.32610401588686627,-2.723658422567684,7,Branco
2.293065428281388,1.926839335329036,5,Branco
-0.34444937877684495,-1.0440996306801849,5,Branco
2.7367301950161815,2.4051296797027106,6,Branco
2.7563165046833205,1.4462682439828936,5,Branco
2.648278457610891,1.4202319174227773,5,Branco
1.330664691696527,1.7752886017561924,6,Branco
-0.39770090002319036,-2.479723328863019,7,Branco
0.6113414138166342,1.2930286565008116,5,Branco
0.31921089358310806,1.360128463720271,5,Branco
-0.015190694063375957,-1.5953672080210868,6,Branco
0.06297985240123607,-1.0995437984646057,6,Branco
-0.7793108609099599,-1.5894396888894946,4,Branco
0.9534052283095382,-1.7267863066103273,7,Branco
1.507674382972679,2.132846113625122,5,Branco
2.069049196670976,-0.9002032742766712,6,Branco
-0.07233115199933736,-1.599727837118299,4,Branco
2.4014799844186503,0.9184244326927711,5,Branco
-1.041866074370993,-0.4914765613511635,4,Branco
1.0507811341507025,0.584324871202192,6,Branco
0.8910755259366022,0.573970631134951,6,Branco
1.3867353714187185,-0.05236983356441714,5,Branco
2.955998978129042,3.3437368500446496,5,Branco
2.7363365723141713,1.8893036057321675,6,Branco
3.001372278289537,2.009095509840591,5,Branco
3.012043143978948,2.0837495405131605,5,Branco
1.7442053131899589,0.7576061966597702,6,Branco
0.7507038162023624,-1.2976711547522073,5,Branco
-0.7045045783267834,-1.9224854576085444,8,Branco
2.186051146947338,1.143704686572209,4,Branco
2.139361397094204,1.2331231778715779,6,Branco
2.955998978129042,3.3437368500446496,5,Branco
1.0725138644136125,-0.7580677875709624,6,Branco
0.8366759000812681,-0.3023647355322077,5,Branco
1.3499214207909611,1.8369407818535892,5,Branco
1.4100400474037016,1.7995055664021102,6,Branco
1.46491151932232,1.784075733341446,5,Branco
2.162754564748592,1.0109957459119345,5,Branco
2.217566305393762,1.9215332680342057,5,Branco
2.162754564748592,1.0109957459119345,5,Branco
2.501292100183925,1.8794209550216836,5,Branco
2.217566305393762,1.9215332680342057,5,Branco
1.9203237321246682,1.6556992374626673,5,Branco
1.156857510401602,-0.3452048235079634,6,Branco
0.3846560015761351,-1.0294259531398102,4,Branco
2.283580395801604,1.4246409073984208,5,Branco
1.5139642409654661,0.4429207547128085,5,Branco
0.10991031552220198,2.3478903647139053,4,Branco
-1.811443935382913,-0.3616513426849408,5,Branco
-0.2817599099549783,-0.2288408521126803,6,Branco
0.35486210970106413,-1.1171427917665804,5,Branco
0.1592722514599143,-1.4392108011332296,7,Branco
1.5139642409654661,0.4429207547128085,5,Branco
0.7391421405035263,-0.5346945112443446,6,Branco
0.327694290694594,-2.0418636525754055,7,Branco
1.893065704713208,0.19956197562563394,5,Branco
1.8194877656902815,-0.292749118731976,5,Branco
1.893065704713208,0.19956197562563394,5,Branco
2.558872887343882,1.4295002659375975,5,Branco
1.8452344300293795,-0.3761003734225709,5,Branco
1.8194877656902815,-0.292749118731976,5,Branco
0.16308292415819478,1.8561620720185612,6,Branco
0.327694290694594,-2.0418636525754055,7,Branco
0.678251256749107,-0.7497927630404522,6,Branco
-0.4705812095636224,-1.0236562386881587,6,Branco
2.0116902726641928,2.27244250224276,5,Branco
1.133183123716262,-0.6207974002682224,6,Branco
3.0957952516210154,1.4986184150645994,6,Branco
1.133183123716262,-0.6207974002682224,6,Branco
2.0116902726641928,2.27244250224276,5,Branco
-0.4523418191640993,1.0462924148216026,4,Branco
1.0885353606123007,1.2887204719437815,6,Branco
1.5736683106965987,1.35929334140705,6,Branco
2.6577831892870805,2.0595446794961387,6,Branco
2.6577831892870805,2.0595446794961387,6,Branco
2.6577831892870805,2.0595446794961387,6,Branco
2.6577831892870805,2.0595446794961387,6,Branco
1.8358999522638886,1.4550405836854508,6,Branco
0.7024310406293117,-1.2524561220841863,7,Branco
0.9245491472061749,1.0562685480631913,6,Branco
2.0053866009999584,1.9802304270857316,5,Branco
0.08660651498364567,-0.07795497039963745,5,Branco
0.46097271200906254,-1.9327164503516663,7,Branco
1.7986235874382825,-0.0871622002328002,6,Branco
1.5201049215293527,1.855486690664528,5,Branco
0.6613056206807798,-1.183807273007322,6,Branco
0.19476193687367951,-2.2888230863802304,7,Branco
-0.01567063567660773,-2.3965083674770464,7,Branco
0.013700402748468241,-2.4658102626373886,7,Branco
0.0627805061124196,-0.15342169104521838,5,Branco
0.41619001500601527,-0.14665000249246526,4,Branco
1.7660214527230598,2.280138961017135,3,Branco
1.5201049215293527,1.855486690664528,5,Branco
-0.2572265301242219,-2.3422292451929363,3,Branco
0.9803797810005024,-0.38165678588412094,6,Branco
0.655085668046021,-0.3600352092434544,8,Branco
-0.23627170282229018,-1.3384908941242837,7,Branco
-0.23627170282229018,-1.3384908941242837,7,Branco
0.10894748233920888,-2.025517455704914,6,Branco
-0.6365294532391748,-2.4330431870906217,4,Branco
0.8599382292106628,-0.5508401747165637,6,Branco
2.4466972876870092,2.700085494704044,5,Branco
0.5862032309490471,-0.2621260905693356,5,Branco
2.849435851308562,1.9938398227456606,6,Branco
0.8315214425033121,-1.3813309002766716,6,Branco
2.4466972876870092,2.700085494704044,5,Branco
0.9522647759209034,0.9031604899773781,6,Branco
-0.04548114104010152,-0.40670726386014117,5,Branco
-0.08677722616378651,-0.3669694431118527,6,Branco
-0.06501109686030516,-0.3436735972437783,6,Branco
0.9522647759209034,0.9031604899773781,6,Branco
-0.1220163114125495,-0.3870018712356111,5,Branco
1.8808451552371261,0.7729395705320925,5,Branco
-0.045326941075432566,0.38797787578645493,5,Branco
2.696564399613519,1.7823125440621672,5,Branco
1.927435423199904,0.6960894618884026,6,Branco
1.8470770710158835,0.7292440133758804,6,Branco
-0.47572508917795775,-0.8158657905352007,5,Branco
-0.5034795423319641,-1.1420575914490074,4,Branco
-0.4723708439398994,-1.367008584813939,7,Branco
0.2845677200436425,-2.4007592945074316,8,Branco
0.4236551789708456,-1.580341259407294,8,Branco
1.02545644758918,0.22733358043187823,4,Branco
2.1932589101714517,1.8574097574860875,5,Branco
2.037405673228958,2.250276973355913,5,Branco
1.4794174580305999,1.1971616240387906,5,Branco
2.25409396691229,1.5520059645819537,6,Branco
2.5686314733427618,2.195990006864986,7,Branco
2.5686314733427618,2.195990006864986,7,Branco
2.5686314733427618,2.195990006864986,7,Branco
2.5686314733427618,2.195990006864986,7,Branco
1.439470856728297,-0.8720084707024905,6,Branco
2.977375789156918,3.140435125170256,5,Branco
0.2574867856663419,-0.0010825963868533889,7,Branco
-0.13840524741147422,1.6649442826514815,3,Branco
0.4034317981021801,-0.5471190911837488,6,Branco
1.2214833330965342,2.31459828986078,5,Branco
2.2285153767241805,-0.31457298067848033,7,Branco
2.309981077296382,1.1907543993302327,6,Branco
0.8175532829399026,-0.8100997318200389,6,Branco
-1.0658105261610311,-1.5004894063961178,6,Branco
-0.4749355287657804,-0.9250996250064148,6,Branco
-1.0658105261610311,-1.5004894063961178,6,Branco
0.7185771603901056,-1.7652955569927502,6,Branco
0.8063624836959216,0.32324927590546815,6,Branco
0.8063624836959216,0.32324927590546815,6,Branco
0.7372000504164778,0.32907299988133826,5,Branco
0.8383101355205225,0.3422822248745314,6,Branco
0.7126606687545473,-1.0020542586207744,7,Branco
1.0039391679756626,-0.9840532928630973,6,Branco
-1.0951062980977901,-1.762896506041828,7,Branco
0.14834578613958146,-2.25200614779049,8,Branco
0.6304589091713612,0.12021914924814517,6,Branco
1.0497642453305218,-0.2967679747763757,6,Branco
1.0578785928142092,-0.2894323481077243,5,Branco
0.4391456754302552,0.9479989454096341,6,Branco
1.0321568284265366,-0.9970736243214493,6,Branco
1.4173144137418117,-0.5660766750701255,5,Branco
0.47336973579785857,-1.3539688295878989,7,Branco
-0.7935017859341394,-1.3132246499199538,6,Branco
-0.9511879967360378,-1.755508714521101,7,Branco
1.4173144137418117,-0.5660766750701255,5,Branco
1.0321568284265366,-0.9970736243214493,6,Branco
1.5491489907939693,-0.05111998811610592,6,Branco
0.16121286251989328,-0.16227206029435645,5,Branco
4.194882683733778,0.8493789994758508,5,Branco
2.254585589494068,2.0462677408675076,6,Branco
0.5044435467749209,-0.03405636307309103,6,Branco
2.499663807512454,1.497789073088318,6,Branco
0.21473623614289494,-0.9561219858802186,5,Branco
-0.10054494943330357,-1.9862341647226047,8,Branco
1.1150235824331156,-0.9658693124360106,5,Branco
-0.11701297360688662,-2.4329604378452308,6,Branco
1.2807459149279097,0.36436781911260996,5,Branco
0.15284201500413244,-1.7000340776059597,5,Branco
-0.11701297360688662,-2.4329604378452308,6,Branco
-0.0821433098431799,-2.0725166098199352,6,Branco
2.227906191865647,0.830142107381912,6,Branco
-0.2650054865020709,-0.9318180678672672,5,Branco
0.08115140001847627,-0.39008579938177806,7,Branco
1.0135220311776483,1.1612321405216213,7,Branco
-0.246357961330781,0.0366088181990926,6,Branco
1.3214233879412105,0.8755300367826961,6,Branco
0.5470001301145487,-0.285437288166451,5,Branco
0.655701560206981,-0.33547945749276187,6,Branco
0.9265106995758304,-0.2114932525653866,6,Branco
-0.8459209441604364,-2.5621584573162366,7,Branco
2.9784252316345357,2.315061989762862,6,Branco
1.3865341704825542,1.6403528099958196,6,Branco
1.9200879750683988,1.2891542893885655,5,Branco
0.7231800107474002,-1.3459638681787192,7,Branco
1.199676943342494,-1.0962043131402632,7,Branco
0.2521879767891591,-0.5875208588020444,6,Branco
1.199676943342494,-1.0962043131402632,7,Branco
1.509781925408781,0.05497441102660649,6,Branco
2.806901424212526,2.1748328631126865,6,Branco
2.806901424212526,2.1748328631126865,6,Branco
-0.07470861426324356,-0.17548590085946308,6,Branco
0.20950861741908489,0.35596025174557705,6,Branco
1.0001887176413573,-0.38305769001577106,6,Branco
2.0859572367635684,0.8835781484500634,6,Branco
-0.5124612467865154,-0.17574237480086743,5,Branco
0.9727206428608486,-0.42107060366422316,6,Branco
2.806901424212526,2.1748328631126865,6,Branco
-0.110645392096871,-1.8220675978991274,7,Branco
-0.2694105213268604,-2.099644596072922,7,Branco
-0.08875333563127338,-1.1227792308951585,6,Branco
0.5744511201955834,-0.44936907941851906,6,Branco
0.5596062690809018,-0.03516844936577686,6,Branco
0.5162581214258928,-0.4713845873456333,5,Branco
0.5744511201955834,-0.44936907941851906,6,Branco
0.5596062690809018,-0.03516844936577686,6,Branco
-1.3260874231654525,-0.3726080069423511,5,Branco
0.5671567255931816,0.028423570110890098,6,Branco
-0.4609644904118958,-3.6115169599880392,7,Branco
-0.4609644904118958,-3.6115169599880392,7,Branco
-0.41839021834918183,-1.4308906800060288,7,Branco
0.16015453124075296,-0.6512716941694532,7,Branco
0.23331927063647634,-0.4915490854752458,6,Branco
-0.41839021834918183,-1.4308906800060288,7,Branco
0.16015453124075296,-0.6512716941694532,7,Branco
1.9197755990141088,1.6750212580014803,6,Branco
0.6916964675848389,1.347492270564149,6,Branco
0.5671567255931816,0.028423570110890098,6,Branco
0.19613882778547587,-2.0296215780534927,7,Branco
-0.4609644904118958,-3.6115169599880392,7,Branco
0.8081838427191587,-2.316291498065467,7,Branco
2.680302176134853,0.4566840142346785,5,Branco
0.6137635631424445,-0.1678267354369795,6,Branco
2.3097405622374367,1.9581709837495618,7,Branco
2.3097405622374367,1.9581709837495618,7,Branco
-0.5379642290602112,-1.4658570224170613,5,Branco
-0.19411501681801088,-0.21438708449772617,6,Branco
-0.23765246635174833,-1.9870744099933555,6,Branco
2.267123944148846,1.8234862476758034,5,Branco
2.058923548222781,-0.9824348940339924,5,Branco
0.21430929964853276,-1.1696082341157361,5,Branco
0.17828099438542003,-1.8867967882854162,6,Branco
2.3715217357491665,1.597736879013781,5,Branco
0.4495850043310332,-2.093002893961689,6,Branco
0.17828099438542003,-1.8867967882854162,6,Branco
2.267123944148846,1.8234862476758034,5,Branco
-0.612949997988791,-0.5803052991143366,5,Branco
3.1786854470049644,2.9258339213575257,5,Branco
0.6802000047784889,-1.4813261429923374,6,Branco
2.058923548222781,-0.9824348940339924,5,Branco
0.5254642284472667,-2.936559280401536,7,Branco
-0.7401152378263506,-0.33408178884667133,5,Branco
0.39228013367128617,-1.2027695980361552,6,Branco
0.21430929964853276,-1.1696082341157361,5,Branco
2.547731278521491,2.660514884800704,6,Branco
0.6246059522427029,1.7036464413379322,6,Branco
0.23590969771732342,-1.0877502943991828,5,Branco
0.23590969771732342,-1.0877502943991828,5,Branco
2.547731278521491,2.660514884800704,6,Branco
0.6246059522427029,1.7036464413379322,6,Branco
0.32911959206220737,-0.9264737214058762,6,Branco
2.2491307382864303,0.8909604959023967,5,Branco
0.32911959206220737,-0.9264737214058762,6,Branco
-0.1470548891935481,-0.704744041310084,6,Branco
1.0271255133947332,-2.4687272716131337,7,Branco
1.6382213454491512,0.2731581422467181,6,Branco
1.6223272326950444,0.2646800339520418,6,Branco
1.6223272326950444,0.2646800339520418,6,Branco
1.3031726079454102,0.17377565206160225,7,Branco
1.6382213454491512,0.2731581422467181,6,Branco
1.6223272326950444,0.2646800339520418,6,Branco
2.4693235938019926,1.7668006442758482,5,Branco
-0.11471712354763873,-0.034775495480055464,5,Branco
2.4151192502924896,2.0565579555492706,5,Branco
2.4693235938019926,1.7668006442758482,5,Branco
-0.48045388589765275,-1.2620266615970521,5,Branco
2.1379239841376565,0.06860500734884324,7,Branco
-1.2348886701074975,0.5704998578148452,4,Branco
0.43566505036184555,-1.555311393170177,8,Branco
0.16022759643817633,-1.781904545302252,7,Branco
0.8242678351695659,-0.4571555855229713,5,Branco
0.9622020959144233,-2.101807424169487,8,Branco
2.1379239841376565,0.06860500734884324,7,Branco
-0.6588997095535674,-0.6863211315197831,5,Branco
-0.16001857878762887,-1.8080699278267185,7,Branco
-0.0912221828911606,-0.5401835320983289,6,Branco
0.39809361808331,-2.7569979837118352,8,Branco
2.05652481440526,1.7948564221348573,6,Branco
2.421991038904996,0.9195782602514794,6,Branco
-0.004920859902755339,-0.7320542151405239,3,Branco
0.16758135379508798,-2.458007720989456,5,Branco
0.1036852317068718,0.9915332143436055,6,Branco
0.1036852317068718,0.9915332143436055,6,Branco
-0.19272645201317581,-1.1311854507873027,7,Branco
0.08313807123608256,1.7230852141870887,5,Branco
0.7123829293055931,-1.3905589106762741,5,Branco
-0.28268358319223935,-1.3577931789272748,7,Branco
-0.03496111148999874,-1.4449859529373532,7,Branco
-0.19272645201317581,-1.1311854507873027,7,Branco
0.1221049076829783,0.9655886156095735,6,Branco
-0.3406333118164272,-3.2952616273289648,7,Branco
0.8115681237326714,0.8175182548237409,5,Branco
0.38070053021416644,-0.4704722857539665,6,Branco
2.691296851707624,1.570937991119531,5,Branco
0.8115681237326714,0.8175182548237409,5,Branco
1.9201622266875753,1.603847722623723,5,Branco
1.9366925008476996,0.5553140269980577,5,Branco
-0.4516723322923976,-0.7294012004635589,6,Branco
2.3371278400353477,2.2365634112325417,5,Branco
1.6654974476268603,1.6521201467010458,5,Branco
1.9722450540299636,0.5005116847971599,6,Branco
-0.4516723322923976,-0.7294012004635589,6,Branco
2.3371278400353477,2.2365634112325417,5,Branco
2.80979911384673,2.579566658126164,5,Branco
0.7932487400165775,2.8347361684526082,6,Branco
0.6026365774626924,0.06081264663691242,5,Branco
-0.19032472029977712,-2.728581115489944,6,Branco
0.7761414661186302,-0.30486105364664534,7,Branco
1.0639277468647732,-1.0111693678304574,6,Branco
2.8145540937518354,1.549489194436964,5,Branco
0.7502460990906955,-2.221634836071088,7,Branco
0.24310527408146226,-0.9048314079447374,6,Branco
-0.5147830870249265,0.48457909634263857,6,Branco
1.4530358081308685,-0.8760818436317502,6,Branco
0.6236606739152841,1.1200520016880338,5,Branco
0.24040483130617551,-1.3008681170384169,6,Branco
1.5997698838277952,0.5945286784841952,5,Branco
0.6236606739152841,1.1200520016880338,5,Branco
-0.44087369183595443,3.229005620810816,5,Branco
0.4465834076850407,-1.0558523850363697,6,Branco
0.7898743314321663,-1.2011724147649054,6,Branco
0.16772338608024667,-1.4312544954733397,6,Branco
0.5189669103942636,-0.34210428605661186,6,Branco
1.8229143104002732,1.124575353689148,6,Branco
-0.6251708060797843,-2.2341070081094454,6,Branco
-0.5250983219293044,-2.668755138231666,7,Branco
1.6457855616699655,0.6361966138632943,6,Branco
0.583334386573861,-1.8714549189354492,6,Branco
0.03658863102770794,-0.6607912599891705,6,Branco
0.4732493418408897,-2.2713069140166366,6,Branco
2.678613139022358,2.3126976210619685,4,Branco
0.6439015376268068,-2.3002045909381597,6,Branco
-0.04126822965848002,-1.0205083580261505,5,Branco
2.678613139022358,2.3126976210619685,4,Branco
2.8732077974686585,2.445106815605964,6,Branco
2.6688161430570907,1.6406387689006439,6,Branco
0.3230169083775978,-0.42392576849969377,6,Branco
0.3159926398959368,-0.4098994711628101,5,Branco
1.6643790595005032,1.9842617182731785,6,Branco
1.6643790595005032,1.9842617182731785,6,Branco
-0.851933311533565,0.950550347587649,5,Branco
0.3769511741101963,-1.0238642803898108,7,Branco
0.2644839050829436,-2.0214780954902714,6,Branco
0.3769511741101963,-1.0238642803898108,7,Branco
1.1413467249270752,-1.1437380773497907,6,Branco
-0.02695440793664133,-1.6366152118705406,6,Branco
0.4984813551584917,-0.4797082047471814,6,Branco
-0.32142192169266676,-1.7407262385106308,6,Branco
0.888934056309807,0.22794109306331595,7,Branco
0.35379894044384647,-1.1841478769529987,6,Branco
1.4512732383027698,0.012780536883239291,5,Branco
1.3184857892424506,-0.37360641729416705,6,Branco
-0.588687718358556,-1.6898840615764066,6,Branco
-0.40652533853852896,-0.4728708957251907,5,Branco
-0.36953961623799997,0.16779194241973047,5,Branco
-0.36953961623799997,0.16779194241973047,5,Branco
0.3882033541270454,-1.7987446117191728,6,Branco
0.3220079984733718,-2.1248117973309943,6,Branco
-0.6605092637162798,-2.6074270176015095,5,Branco
0.24762437504764992,0.3897595053900204,6,Branco
-0.9686062832844686,-1.676840424991107,4,Branco
0.06877144556748228,-2.9313829918603234,6,Branco
-0.33981954782680107,-3.528343724576564,6,Branco
0.307688225077341,-1.8853356875784282,6,Branco
-0.062466610000370196,-0.03309820827942506,6,Branco
1.1999175403447382,1.5469551317533046,5,Branco
2.2469173872051984,2.143048586813299,6,Branco
2.2469173872051984,2.143048586813299,6,Branco
2.2469173872051984,2.143048586813299,6,Branco
2.181109051893202,2.625042562093632,5,Branco
2.181109051893202,2.625042562093632,5,Branco
2.2469173872051984,2.143048586813299,6,Branco
-0.5511006627091594,-1.4426871123894418,5,Branco
0.8335231602076512,0.40438197070240245,6,Branco
0.16838911384757796,-0.4392917056551786,4,Branco
2.6598680035131883,2.2688483355439235,5,Branco
-0.22467012985935123,-1.007000963655783,6,Branco
0.932879135770939,0.44121701703526706,6,Branco
1.7284271417380395,1.5778958118204547,6,Branco
0.4413774915105339,-1.0757411128379473,6,Branco
0.675691409904253,0.09266660872725833,6,Branco
-0.7852268473185017,-1.3699047857760063,6,Branco
0.15077406167862747,-1.222176898784606,7,Branco
2.6598680035131883,2.2688483355439235,5,Branco
1.9160575090636571,1.830229315948309,7,Branco
0.3052316718443147,-0.96618386254301,7,Branco
0.5822252943612923,-1.8786591897846299,7,Branco
1.9160575090636571,1.830229315948309,7,Branco
0.5822252943612923,-1.8786591897846299,7,Branco
0.3052316718443147,-0.96618386254301,7,Branco
1.051929644814865,2.712630668438167,5,Branco
-0.4728337091136616,-1.1275009285868256,6,Branco
2.305606449757216,0.5907324665696515,5,Branco
0.5799720502412988,-0.8197538093791308,6,Branco
0.8972940445886711,0.8593453535554298,7,Branco
0.10833297011001547,-1.1813341409581046,5,Branco
0.90154563163474,1.684428919165097,6,Branco
-0.6900802617221675,-0.39637705628053654,7,Branco
0.4685782338705745,0.47914849435902673,5,Branco
0.6251964621683773,1.06954171686114,6,Branco
-0.4115853037211075,-0.3006141241085628,6,Branco
1.564499095454771,-0.131639270776209,5,Branco
1.6154506997361875,-0.058841316208721975,6,Branco
1.0273506653260995,0.37956696916256016,6,Branco
2.882022478532563,2.499697160593215,5,Branco
0.05949509609826936,-2.0164046099682014,7,Branco
2.3572778538379313,2.622096304781495,5,Branco
1.3324826920994304,-2.2549786744916442,7,Branco
0.8090878742101674,-1.665372832206831,7,Branco
1.1120999414439663,-0.1264273915955278,6,Branco
1.0957332822141006,-0.12881324508680891,6,Branco
1.3209863805438145,-2.2869549715737603,7,Branco
0.05949509609826936,-2.0164046099682014,7,Branco
0.6984187261518305,-2.1829641728012694,7,Branco
2.882022478532563,2.499697160593215,5,Branco
0.6039669659514889,-0.8932173154547985,5,Branco
1.3338917997803037,0.07624552945324373,6,Branco
1.0682246810668086,0.5911935398708058,6,Branco
0.1264325776092007,-0.9702029593657439,7,Branco
1.0682246810668086,0.5911935398708058,6,Branco
1.2445218897924317,1.1212727499138202,6,Branco
0.15376497999193267,-1.719774884763338,7,Branco
0.20322504457669185,-1.3202659643534758,7,Branco
0.5308523680201194,0.3057287340561872,6,Branco
1.2260928904432988,2.1796748886622783,5,Branco
0.6102091885197883,-1.2385605621575382,6,Branco
0.718531857207395,1.072903169585852,5,Branco
0.03736816534374054,-2.061791533048365,5,Branco
-0.08075237152455758,-2.0741350881284273,5,Branco
-0.4789079091760839,-1.3042847629844854,7,Branco
0.718531857207395,1.072903169585852,5,Branco
0.5858399109229817,-0.8235765606793914,6,Branco
0.8961689869866455,-0.3506796631811653,8,Branco
-0.7022469184912153,-1.5141153901121442,7,Branco
-0.3437509090294403,1.151270273853308,6,Branco
0.8248356199157172,-0.9942589461824686,6,Branco
0.03736816534374054,-2.061791533048365,5,Branco
-0.08075237152455758,-2.0741350881284273,5,Branco
0.772349815013141,-0.20027424939662922,6,Branco
0.772349815013141,-0.20027424939662922,6,Branco
0.9792926758799624,0.3957337670245606,5,Branco
0.9792926758799624,0.3957337670245606,5,Branco
2.0359974062354986,1.5666985964319693,5,Branco
-1.4460271675531826,0.28404161468822514,6,Branco
-0.3596429287701214,-1.928314741621213,8,Branco
0.1363780692982832,-1.155213152127169,6,Branco
2.079203628913948,2.0989931713106285,5,Branco
2.193882719072494,2.0673645797179963,5,Branco
2.193882719072494,2.0673645797179963,5,Branco
2.079203628913948,2.0989931713106285,5,Branco
-0.8237223591849858,-1.2947461077393934,7,Branco
1.0525957985896182,-0.6281203296592576,6,Branco
1.0758055220851255,-0.6440070782936927,6,Branco
0.517523148692927,-0.2418735429308872,6,Branco
2.17116663340408,2.91254973372941,5,Branco
2.0792119448866804,1.7944590981822994,5,Branco
0.08764701757925762,-1.001078281572705,6,Branco
-1.0869010024067873,-1.6942973613684333,5,Branco
-0.4184681390613567,-0.6170007920493534,5,Branco
1.6075597759023428,-0.18232057702890447,8,Branco
-0.3452426623149028,1.8113530361077357,4,Branco
0.9951590151118834,0.7106354199674412,6,Branco
0.9951590151118834,0.7106354199674412,6,Branco
-0.16629827166052022,-1.385341415767548,6,Branco
2.0093302419654244,2.4036242594616337,5,Branco
2.0093302419654244,2.4036242594616337,5,Branco
-0.10809050238706022,-0.5577393938535539,6,Branco
1.9111888782338304,0.6880842606552316,5,Branco
1.1289830095749505,-1.30568983274649,6,Branco
0.7621495010826963,-1.5088331932784154,6,Branco
0.8738589861852615,-1.3037217090257385,7,Branco
0.7281333457866662,1.6649386196789584,5,Branco
0.8386679027698253,-0.528297530464872,5,Branco
0.9103380733310943,-0.4291361708702897,5,Branco
0.33961279080342666,-1.9542512333814603,7,Branco
1.788976270895943,1.2519872199473336,4,Branco
2.475156077687904,0.7563647776871266,6,Branco
1.4140365923721328,0.7437656833397304,5,Branco
1.3877854063505937,0.7354938666875673,5,Branco
1.5190107911440072,0.6103143850415682,5,Branco
0.1631392683733351,0.24714439689271148,4,Branco
2.4684275822855524,1.413215271852211,6,Branco
0.6982915660771972,-0.12092969105819476,5,Branco
1.7988367331114152,2.236399545084477,7,Branco
1.7988367331114152,2.236399545084477,7,Branco
1.7988367331114152,2.236399545084477,7,Branco
1.7988367331114152,2.236399545084477,7,Branco
1.2231024943376971,0.6558578737221776,6,Branco
0.8681712575669676,-1.0594612038810443,7,Branco
0.5634565906578558,-1.3582560665726844,6,Branco
0.2460023931998117,-0.48610057969041204,6,Branco
-0.2899081809483539,-0.608290808409676,5,Branco
1.1489265622748794,-1.468412807899636,5,Branco
3.432977725516561,-0.536884444829277,4,Branco
-0.2988447205569956,-0.5317771077053725,5,Branco
1.3719666067036016,-0.42951157779539184,7,Branco
-0.4365891067475623,1.189999881427176,4,Branco
-0.2988447205569956,-0.5317771077053725,5,Branco
1.5800025621673945,0.6235319898007691,6,Branco
-0.2916669824997247,-0.09714768213676678,5,Branco
0.4930687616561596,-1.8418624712437905,6,Branco
1.5800025621673945,0.6235319898007691,6,Branco
1.0585658230337514,-1.2278109432557174,6,Branco
2.6839632802571,1.480864032058136,5,Branco
0.8427803608100507,1.6084166287168877,6,Branco
-0.3825352630692416,-1.76176003980741,6,Branco
1.2181500788322253,-0.34746388280745477,8,Branco
-0.4997440079570585,-1.0227939623776385,6,Branco
2.3823497630034263,1.5912518748436586,5,Branco
1.8503848385863084,0.42607415169623203,6,Branco
2.417858874902529,1.3151760479782872,6,Branco
0.025189026362661526,-2.192000077785408,7,Branco
0.025189026362661526,-2.192000077785408,7,Branco
0.04360870233876802,-2.21794467651944,7,Branco
1.4747524131638565,-1.0652619497348508,5,Branco
0.6056566549676823,0.17403086634360862,5,Branco
1.454056123803742,0.6487996088993654,6,Branco
0.29414334669094366,2.0192367964908446,5,Branco
0.8127513624870285,-0.5120789792972662,5,Branco
2.17691278227342,1.4212735540806496,5,Branco
0.1384250230555493,-0.6447279059491108,7,Branco
-1.6440357499823872,4.434694087627733,4,Branco
2.514535412270369,1.5397727585786671,6,Branco
0.41366800724773456,-1.111821903744474,7,Branco
0.0869344713412519,-0.5891182857135522,4,Branco
1.0093165395566155,-0.09637638641717762,6,Branco
0.9803029490946304,-0.14902288535504524,5,Branco
0.831562342559557,-0.15858722120799493,5,Branco
2.5970660470760167,2.930202987569184,6,Branco
2.201727870268211,1.3451946616581991,5,Branco
-0.06632094751054707,-1.7755060594685768,6,Branco
2.679128249840033,2.364670778878568,5,Branco
2.679128249840033,2.364670778878568,5,Branco
2.624813602722516,2.331860833990414,5,Branco
1.4005644820180847,2.6012593530978223,5,Branco
-0.9582460586334183,-3.1533972236296606,7,Branco
-0.6234127378424427,-1.1601573737898967,4,Branco
0.30136851952860677,-1.3763108323153728,6,Branco
-0.17948123410001945,-2.8025451378242874,6,Branco
0.04490412348869467,-0.2869101214519553,5,Branco
1.6932353670177502,-0.030186311642268007,5,Branco
1.4809278296853803,-0.08329387815681447,6,Branco
1.71094314031649,1.7692392584156575,6,Branco
-0.6486181492120285,-0.5770244568968467,5,Branco
1.9004137460180546,0.8864834762178984,5,Branco
0.21651112566596492,-1.3222928774006237,6,Branco
0.21651112566596492,-1.3222928774006237,6,Branco
2.162578946273793,0.08638555960285023,5,Branco
0.6115924631048162,-1.1893219689145031,6,Branco
0.16042845948010576,-1.0519842341945538,7,Branco
0.898457651828379,1.6763043401159379,6,Branco
2.2755323361234128,2.708708935012531,5,Branco
0.16042845948010576,-1.0519842341945538,7,Branco
0.11598064050376596,-0.44721064604671684,7,Branco
2.4805881846223734,1.5287905557789456,5,Branco
0.08349162290574512,-0.7950578338872527,5,Branco
-0.1561814675992007,-1.8509193788610492,6,Branco
-0.12505553146967424,-2.584889194288299,8,Branco
0.3068528043022311,-1.2068668511198035,7,Branco
0.3158888535349229,-1.080882863393599,5,Branco
0.04686383736478912,-1.6643537282265688,7,Branco
0.4144628015015082,0.8549024587028135,5,Branco
1.232224295615515,-0.6058886085571795,5,Branco
-0.9465713830887229,0.6797030808982245,5,Branco
0.926285375296774,0.6013631171188225,6,Branco
3.357654592815661,1.1062504379592808,6,Branco
-0.024031377911656052,-0.45030212726116353,7,Branco
2.2022732299723606,1.8180612066298203,6,Branco
0.7700169276066883,1.1378011425890093,5,Branco
0.4952406272301689,-0.1090609606468051,6,Branco
2.2022732299723606,1.8180612066298203,6,Branco
0.7700169276066883,1.1378011425890093,5,Branco
1.2950073180594557,-1.2348120416461172,7,Branco
0.4952406272301689,-0.1090609606468051,6,Branco
-1.1523642285889817,-2.3018664916653746,3,Branco
-0.5835562967763535,-2.1979315476895342,6,Branco
0.25578375268675585,-0.6867845320212115,6,Branco
1.645140585411756,0.664719278864768,5,Branco
0.6191855916084651,0.3001495294540361,5,Branco
1.5948181976686455,-0.16361751531988192,6,Branco
1.9014796375362677,0.2469146037613337,6,Branco
2.3706238477189063,-0.7393550114151146,6,Branco
1.5069464951508897,0.5670532866514664,6,Branco
2.193881255649696,-0.6737394168007119,6,Branco
2.3706238477189063,-0.7393550114151146,6,Branco
2.7197147844367056,0.9905467780977737,6,Branco
3.130102375965218,1.828349061543114,6,Branco
1.9014796375362677,0.2469146037613337,6,Branco
-0.13165161493914007,0.4206600684205783,5,Branco
0.14698340648647004,-1.9369038172272455,7,Branco
1.6733773147062538,0.6787953790523104,5,Branco
1.7645852109739093,2.3565561968446698,6,Branco
0.19624481557244625,0.17269387980563627,7,Branco
0.19120480489471114,0.13530205614909316,7,Branco
1.5069464951508897,0.5670532866514664,6,Branco
1.358816300802225,0.6132776206427761,6,Branco
3.5248168323237326,3.396148560739436,5,Branco
0.9550334593158464,0.7112465128716469,6,Branco
0.6547656381603945,0.2899130854881188,6,Branco
0.8301805269347083,-0.7439846430316158,6,Branco
3.1494781137377994,2.835812308718403,5,Branco
-0.8935428848907533,-1.5133527194080736,6,Branco
1.300337080697077,0.27601447550042685,7,Branco
1.300337080697077,0.27601447550042685,7,Branco
0.598414440221723,-0.4956920738114162,7,Branco
1.289832705827899,0.531686436335174,7,Branco
1.2715787809368264,0.6685547245958197,7,Branco
2.1741328293339914,1.5751576045331503,5,Branco
0.650421352194282,1.1862750176661585,9,Branco
-0.5034987069536547,-0.9577257393595695,6,Branco
0.002986697919288823,-0.6650158930248607,6,Branco
2.0663108367432956,1.929441750939881,5,Branco
1.581065382329827,2.2333892859490447,7,Branco
1.112878006981065,2.9617946398719823,8,Branco
-1.4310777786811575,-2.543190139295978,4,Branco
1.467124080472366,1.655817555501946,6,Branco
1.581065382329827,2.2333892859490447,7,Branco
1.112878006981065,2.9617946398719823,8,Branco
2.0663108367432956,1.929441750939881,5,Branco
0.967153561981429,1.01080406434401,6,Branco
0.8989563851856617,1.1376777156698359,6,Branco
0.8989563851856617,1.1376777156698359,6,Branco
0.12972999552519807,-0.7557746936476402,7,Branco
0.967153561981429,1.01080406434401,6,Branco
0.8989563851856617,1.1376777156698359,6,Branco
-0.4192107116641539,-1.5262775929451446,7,Branco
0.145211628891088,-0.20125075994525762,5,Branco
-0.4192107116641539,-1.5262775929451446,7,Branco
0.8051438289848288,0.11820503126154365,5,Branco
1.1926581488640773,0.9435981245528566,5,Branco
1.2618953757393447,1.7384637583211862,6,Branco
1.0879505736026576,1.682187101592371,6,Branco
0.7490222251379808,-0.8571970240103038,6,Branco
-0.5547678762960409,-2.0720561152236563,8,Branco
2.1816734659711603,1.9780551119637355,6,Branco
2.620058321328193,0.6985012520265982,5,Branco
2.347143426084386,1.7563585638066594,5,Branco
1.7116875367715019,0.7355797237943418,7,Branco
0.3399777527401002,0.11188976137059965,6,Branco
2.1816734659711603,1.9780551119637355,6,Branco
2.560035809539927,1.1705116850741302,5,Branco
2.5930303078370667,1.0877149661774237,6,Branco
2.953403654175843,1.2570062937335387,6,Branco
2.608811866585015,1.2403449817268204,6,Branco
2.620058321328193,0.6985012520265982,5,Branco
-0.7640823074734491,-0.6054622386209211,6,Branco
-0.4407578656938024,-0.4011352551089508,7,Branco
1.9034616516705263,1.7301154641301832,6,Branco
1.769861029950849,2.0326358816893495,6,Branco
0.5543987618217477,-0.28212138377277785,5,Branco
-0.5010066943758709,-0.6220750611407454,5,Branco
0.1579758562762207,0.8601850163616162,5,Branco
0.5543987618217477,-0.28212138377277785,5,Branco
0.1579758562762207,0.8601850163616162,5,Branco
-0.887315038877717,-2.6480605817273237,9,Branco
0.45590511841796566,1.9855408861289994,6,Branco
0.5273503875353791,-0.22492838024694,5,Branco
0.7391266624783371,-0.29586958294157134,6,Branco
-0.5010066943758709,-0.6220750611407454,5,Branco
1.144228489936228,0.4946322456768555,6,Branco
0.5493379030223631,0.29103208778613504,6,Branco
0.2124004118382327,-2.1297990989519926,9,Branco
0.6899559053588284,0.0821370918605973,7,Branco
0.11336894875895996,-1.3085158253172868,7,Branco
-1.0039911668778914,-0.2762992090970405,6,Branco
1.0618084758386623,-0.40249122255999753,4,Branco
-0.3249649237931835,-2.0248290906602366,8,Branco
-0.0718150798787188,-2.235253214744224,6,Branco
-1.0039911668778914,-0.2762992090970405,6,Branco
-0.04001718116410262,-1.6047243479596092,8,Branco
0.8386298117214233,-1.8254529171004408,8,Branco
0.8386298117214233,-1.8254529171004408,8,Branco
0.8386298117214233,-1.8254529171004408,8,Branco
0.09993761198577178,-1.2659162891719786,7,Branco
0.10989487976560652,-1.208311673375909,7,Branco
1.5579482311407324,2.512857222137701,7,Branco
1.5579482311407324,2.512857222137701,7,Branco
0.2537568629805683,-1.003590186681061,7,Branco
0.09022291302669334,-1.4752837887598949,8,Branco
0.09022291302669334,-1.4752837887598949,8,Branco
3.0070180823020776,1.7249661099492697,5,Branco
-0.6950971904091516,-0.9051401041580405,5,Branco
1.5579482311407324,2.512857222137701,7,Branco
0.2732766208737867,-2.3200323758477484,6,Branco
0.2537568629805683,-1.003590186681061,7,Branco
1.8983057284507185,2.4310223700740115,5,Branco
-0.21355345084109834,0.05286460885915595,7,Branco
1.7141635178040362,2.2340751373418013,5,Branco
-0.21355345084109834,0.05286460885915595,7,Branco
-0.6094872373828633,-0.24930683942449705,7,Branco
1.8983057284507185,2.4310223700740115,5,Branco
1.9377671439617032,2.432278290321207,5,Branco
1.9983799041734174,0.9565755169910799,7,Branco
0.6163214157011369,1.3318041918525203,5,Branco
-0.1107864441808751,-0.5204107149257015,8,Branco
1.794458006055563,2.477508474209631,7,Branco
0.6032248724364528,-1.0844598549453657,6,Branco
0.04873556644516037,-2.4312145041646342,6,Branco
0.6672277915335403,-1.1168060681852883,5,Branco
0.8370027470127283,-3.0542298524956637,6,Branco
-0.21355345084109834,0.05286460885915595,7,Branco
1.1526134379256336,2.753912145615499,8,Branco
1.3632229943786507,2.557399077855107,7,Branco
-0.19884453997507798,-0.5640847263294341,6,Branco
0.7541998052536151,1.3885811370619376,5,Branco
1.7141635178040362,2.2340751373418013,5,Branco
0.8939401422722276,-1.5744273777074373,6,Branco
-0.4516811818858502,0.37455510844229073,3,Branco
-0.5447835603200363,-1.187632707307432,5,Branco
0.4187697848526848,-0.5590352245572752,7,Branco
1.0600521702462276,-2.4514608059736127,9,Branco
-0.05507609867649125,-0.5981566440730903,6,Branco
0.5365754006768947,0.3643967746847156,6,Branco
-0.728633868447405,-1.54814295323506,8,Branco
0.4187697848526848,-0.5590352245572752,7,Branco
-0.6298788875067701,0.41949387414045874,6,Branco
0.48395865131953586,-0.808988552714673,6,Branco
0.48395865131953586,-0.808988552714673,6,Branco
2.045678685312993,0.9662639007934355,6,Branco
-0.7480981360408118,-2.356278844463392,7,Branco
0.7555953636593439,-1.2518919030759066,6,Branco
-0.5661519171887678,-1.2927217604299062,7,Branco
0.7555953636593439,-1.2518919030759066,6,Branco
-0.5661519171887678,-1.2927217604299062,7,Branco
0.7886606689517728,-0.7503804608828295,6,Branco
0.4117897090008149,-2.404287020982592,7,Branco
0.15177297427169978,-1.242598643932397,5,Branco
0.5041011171463834,-2.3197231286525284,7,Branco
0.4117897090008149,-2.404287020982592,7,Branco
-0.1906596029603931,-1.4866127081198237,6,Branco
2.319158349425456,0.247769541524998,6,Branco
-0.41993906106577583,-1.0870558969131074,6,Branco
-0.40895200788987296,-1.5041467055395952,6,Branco
2.3046171893061618,0.23390120232087336,6,Branco
0.7120120751401681,-0.2637346217190249,7,Branco
0.746407555718814,1.329244224329472,6,Branco
3.290684826390246,1.5837173989765563,5,Branco
2.403567621765372,0.1908020732082024,6,Branco
1.464509239804332,0.4225910342622053,8,Branco
-0.6830825558454204,-0.19563064996827453,4,Branco
-1.0054123835752034,0.1316711889192694,4,Branco
0.30719498002601925,-2.0204769839654166,8,Branco
0.6683741824162689,1.2223547484369917,4,Branco
2.3104049112264513,2.2046153868289373,5,Branco
0.2680191634163705,-0.15900889315253428,5,Branco
0.1876702926074197,-0.20308734805185677,5,Branco
0.18544338222420842,-0.1523070457630615,5,Branco
-0.9923030932784388,-1.7515888465834908,5,Branco
-0.7407463470775231,-0.21359879406963372,4,Branco
-0.9554637413262256,-1.803478044051555,5,Branco
0.6674284954448894,-0.1008655431140172,7,Branco
0.5573592777993088,-1.0788470387551916,6,Branco
0.4844342580167388,-2.125669026235384,6,Branco
0.5439346144430016,-0.5089338982123638,7,Branco
1.2513234067606742,0.053838477655084045,7,Branco
2.1491192516906708,2.0232091978241797,6,Branco
2.1491192516906708,2.0232091978241797,6,Branco
2.9768158959213,0.9126302602933613,6,Branco
0.5100051269603216,-0.5731676703152662,8,Branco
-0.23988253372519353,-0.8859217574575191,5,Branco
-0.7441523034688746,-1.1063932984205935,5,Branco
1.6156585207201106,0.08494982751528962,7,Branco
1.4265666403680823,0.8055081099747077,5,Branco
1.7209647621109838,1.8796923039217384,5,Branco
0.6332151093295254,-1.140611499222119,7,Branco
3.5491786430377474,1.5596843160432279,5,Branco
3.3186317555680653,0.969277016384952,6,Branco
2.3647114591294933,0.051788361577704105,5,Branco
3.5442814211180904,1.6181741803860838,5,Branco
2.9650312574280613,0.6816123725460418,5,Branco
-0.8159611855459983,-1.5577118086620874,5,Branco
1.7209647621109838,1.8796923039217384,5,Branco
1.8930927658960914,0.28423272116926995,6,Branco
2.171839922510903,1.8536140788762872,7,Branco
1.447736495648393,0.2995417227654333,5,Branco
2.6761900017691445,1.2519012010212,6,Branco
-0.560964919271554,-1.7310969032860268,7,Branco
0.34650022353070314,-1.8884728107417152,7,Branco
0.7490655876789175,0.6841131683444198,7,Branco
0.09888678319905678,-0.6600036765573751,7,Branco
3.4441037467414004,3.591607997429001,5,Branco
0.93645954786706,-0.16473867405957685,5,Branco
-2.043052177793238,0.15368164221826694,4,Branco
-0.19126969073059655,-0.768597127287404,5,Branco
0.07846461620660375,-0.2555494528170618,5,Branco
1.1418059738457236,0.8730250303072481,6,Branco
-0.06062553263658071,-1.1214880750221847,6,Branco
0.8792927667886475,-0.31211774802747927,5,Branco
1.1418059738457236,0.8730250303072481,6,Branco
0.07846461620660375,-0.2555494528170618,5,Branco
0.10913762539238855,-0.27627896722402406,5,Branco
-0.4814929969423627,-1.215238248773358,7,Branco
-0.38963191105184475,-1.242331180041201,7,Branco
2.250467803215165,2.0569897776787753,6,Branco
2.250467803215165,2.0569897776787753,6,Branco
-0.28148927935402107,-0.9921385616930223,7,Branco
2.250467803215165,2.0569897776787753,6,Branco
0.20623630415029148,-1.9895651117787734,6,Branco
1.6212127379132324,0.5182555068748488,6,Branco
0.023506978010370234,-1.0077331482237855,5,Branco
1.423180447240628,-0.6035246468070409,6,Branco
2.159881102006432,1.950474678713865,6,Branco
-0.23805803294694383,-2.128665764897613,7,Branco
-0.9274219356792008,-2.687785624989875,7,Branco
-0.2990429824027402,-3.6629102501626933,7,Branco
-0.06333592674217543,-3.0994827632185133,7,Branco
2.159881102006432,1.950474678713865,6,Branco
-0.23805803294694383,-2.128665764897613,7,Branco
-0.9693439437026541,-1.0370550211814389,6,Branco
-0.047977281561402366,0.5674200409581908,5,Branco
0.8371749395349974,-0.5938192770258065,6,Branco
2.168607991108464,1.0102840400548185,5,Branco
0.2506765018936047,0.025384756183439675,7,Branco
-0.7843153396815801,0.3766193093444831,5,Branco
-0.7809084817324566,0.3651502931599783,6,Branco
0.2506765018936047,0.025384756183439675,7,Branco
-0.9486386602462125,-3.4934057794212663,6,Branco
-0.3181493352035091,-2.4243972100320805,6,Branco
1.0462565078254558,-1.152400566614861,5,Branco
-0.4675557289302777,-1.2810782358065074,6,Branco
1.0696213635133993,0.06607752380821254,6,Branco
1.125201269859133,0.032914241987832674,6,Branco
1.0462565078254558,-1.152400566614861,5,Branco
0.40266205560363305,-0.7191305089495702,7,Branco
1.3912648216435766,0.007512673867844234,6,Branco
-1.1003867257974156,0.05300152557030623,4,Branco
3.34196926999915,1.2028253687010673,5,Branco
-1.132566185029933,-1.0680991760797294,4,Branco
0.4766342421809836,0.5403486122276664,6,Branco
0.5428051827155268,-0.5165331590404195,6,Branco
-1.3808964775859698,-1.3097686613717128,5,Branco
1.0816638182972553,0.5897237510193795,6,Branco
2.162407952290552,2.6983616763125076,6,Branco
1.4521347233899045,0.2966092718270176,7,Branco
-0.26435720324158496,-0.24803919522184417,7,Branco
2.5839397065648706,0.6906997318896333,5,Branco
2.665330930169651,0.727513014142752,6,Branco
-0.11141376657317854,-0.7954030968194232,7,Branco
0.47648844606353197,-1.750893793809817,6,Branco
-0.6226183022900028,-1.1741078285608442,6,Branco
0.47648844606353197,-1.750893793809817,6,Branco
-0.6034069256738582,-1.0873170388248554,5,Branco
0.979715739582654,-0.6390175543771182,7,Branco
0.8100246864676132,-0.38927771037611003,6,Branco
-0.15164536856398908,-0.13556248782985209,6,Branco
1.101275392476479,-0.43390767232729865,7,Branco
0.3192167999832867,-0.011955664961148913,6,Branco
2.8017851788753387,1.2749242546037485,5,Branco
1.8828760579413273,1.270241951903796,5,Branco
0.17028473077305367,-0.8258585894547378,5,Branco
0.6803274254207353,2.3184345503026003,5,Branco
-0.15164536856398908,-0.13556248782985209,6,Branco
1.898166694594174,-0.89634839273839,6,Branco
1.1483530370096666,0.43497428909396246,6,Branco
0.3815136892928088,-0.7188351144069941,7,Branco
0.3815136892928088,-0.7188351144069941,7,Branco
2.2801554206394865,-0.9365522860206468,8,Branco
2.004435632992088,0.8048954360973305,6,Branco
-0.3609237394837288,-0.41788067128095163,6,Branco
0.7980416709304275,-0.8044773387257703,6,Branco
1.1037592390729005,-0.7801424388510453,6,Branco
-0.6529483331793913,0.4453420097157673,4,Branco
0.2931059373155287,-0.48567065954752214,7,Branco
1.7662503768125037,1.7407990807996236,4,Branco
-0.0445467749910613,-0.33561782863602074,6,Branco
1.4193869642035355,0.34218765099641296,6,Branco
1.0269503821680126,0.7961703463436822,6,Branco
1.0269503821680126,0.7961703463436822,6,Branco
-0.7029693860421498,4.652489044912728,3,Branco
0.3554668383312996,0.3071394882512469,6,Branco
-1.70990385715179,-0.4910334232589684,5,Branco
-1.018765294798048,0.28526292990359964,5,Branco
0.5266705818361187,0.06613653732183651,7,Branco
-0.48678305567542585,-0.9122652134413182,5,Branco
-1.6800956882257847,0.30912770508815735,4,Branco
-0.5238061612057066,-0.8821739397651384,5,Branco
-0.5716894204258965,-0.1806999457745376,4,Branco
3.5967880008383606,3.443629058346742,5,Branco
-0.05592979595689624,-1.0414307863222891,7,Branco
0.23391364885689983,-0.6902685537973934,5,Branco
-0.10541692931907859,-1.1661748410579007,5,Branco
-0.3668962720364612,-1.0287258279531117,5,Branco
-0.5784399125093682,0.11604782457768743,5,Branco
0.0013429817327776281,-1.9501374269672376,6,Branco
0.9835034707031721,1.0984896773876538,5,Branco
1.1442224246154378,1.1839979071921658,6,Branco
0.03894741246454828,-1.415607432651287,5,Branco
-0.716248067359835,1.1617926932985458,4,Branco
-0.3668962720364612,-1.0287258279531117,5,Branco
0.35432014737133877,0.32448962199962245,5,Branco
-0.4922986210722745,-1.0296424765167047,6,Branco
0.3037309734235155,1.7906285606775052,5,Branco
-0.4922986210722745,-1.0296424765167047,6,Branco
0.724587799093833,-0.06584672810591659,4,Branco
-0.37461258165684674,-0.6417843563260773,7,Branco
1.1481822350464166,0.939483223479882,5,Branco
0.5644265862089671,0.6825886143458314,5,Branco
0.5461597814173618,0.6127520904747328,5,Branco
-0.09646680996453079,0.22399292588300662,6,Branco
1.0106387815383158,2.264568706595921,5,Branco
2.2431574522147573,0.6231079913955413,6,Branco
0.6312797564813566,-0.9923836291235353,7,Branco
-0.11370647328786046,-1.1238621196746796,7,Branco
0.5390056575690414,-1.149085900201098,6,Branco
0.33771708901735265,-0.7046354545972863,7,Branco
1.0106387815383158,2.264568706595921,5,Branco
0.900901944582433,0.34070990782838906,7,Branco
1.0828966257586043,0.3841861221782422,5,Branco
1.0871739105507974,1.5359633580759309,6,Branco
-0.23869169592305695,-2.3790690107759467,7,Branco
0.833074014785633,0.8835957953713716,6,Branco
0.3692442322017299,0.18925670857511387,5,Branco
2.3155577828252394,1.69472260011071,5,Branco
1.1309747412826294,0.03428356395205323,6,Branco
0.5906022715941475,0.12231486944253642,7,Branco
1.601137495972043,-0.13340120141822714,6,Branco
1.601137495972043,-0.13340120141822714,6,Branco
2.708806745923821,2.382399251874894,6,Branco
0.894701192006065,-0.9719585512409051,7,Branco
2.4614748336615224,2.214997348919426,5,Branco
0.34277133604941795,-1.9990931576699096,8,Branco
0.65939995337984,-1.43601556796523,8,Branco
2.708806745923821,2.382399251874894,6,Branco
0.6179719272400298,-0.9475563108177829,7,Branco
3.226258681074405,3.3304304139808245,6,Branco
2.1459321061029857,2.0003966711011136,6,Branco
0.1241682028891976,-0.8991036367348803,6,Branco
1.0810441341142076,-0.11868643090405734,7,Branco
2.31442857845606,1.086792583519044,5,Branco
-0.0013025460440567588,-2.6507103967602865,8,Branco
1.305994563604911,-0.13959417778510233,6,Branco
0.894701192006065,-0.9719585512409051,7,Branco
1.029185888068901,0.019675496129099135,6,Branco
-1.0795160618894375,-3.3170282091823053,7,Branco
1.601137495972043,-0.13340120141822714,6,Branco
1.0550330643181067,-2.0705592032257085,6,Branco
1.219811514876304,-1.7842421132477477,5,Branco
0.085031885437546,-0.26206798127601694,5,Branco
2.4614748336615224,2.214997348919426,5,Branco
0.8392185703019694,-1.7046316202527465,7,Branco
0.34277133604941795,-1.9990931576699096,8,Branco
-0.9533024719637201,-2.4173899707980278,7,Branco
-0.559457704566512,-2.9586400789890566,7,Branco
0.2744904669479049,0.950421251144278,4,Branco
-0.9533024719637201,-2.4173899707980278,7,Branco
-0.46822072675443466,-1.4236081430313299,6,Branco
1.8243311322764606,0.8997456979389016,6,Branco
-0.016435011447134926,-0.8195048087871355,5,Branco
-1.626463525689606,-1.2601221063833363,4,Branco
0.7076941483994753,-0.8703297824391139,8,Branco
-1.2494939741264202,-1.68235279561878,5,Branco
0.5820159656045886,1.452485317310728,5,Branco
-1.2310742981503136,-1.7082973943528124,5,Branco
0.7602443210546929,0.8989286430925908,5,Branco
0.9760185635518261,0.867318538472913,6,Branco
0.0844319758599487,-0.8209461800108655,6,Branco
0.2908519191602796,-1.9089353185693914,7,Branco
-0.4412071799098199,0.40155213593358985,5,Branco
0.010564011161737387,0.08848430674023523,5,Branco
1.3163803410466577,1.5897673106799275,6,Branco
2.5416409692965796,-2.8522821189395846,7,Branco
0.7673635294925011,-1.9479138930709725,7,Branco
0.3766977900722949,-1.1815315149659562,5,Branco
0.8788657853110103,-1.338524258702753,7,Branco
0.9840928711467434,-0.281555169441476,6,Branco
0.37379597521688923,-0.06766851300201905,6,Branco
1.1555388112019256,1.8789478651842195,5,Branco
0.37081957593006104,0.31250114797444406,5,Branco
-0.11860020667693602,-0.10264749636159388,5,Branco
1.1571059027737878,1.1915814448178217,6,Branco
2.1330101747083456,-1.9585488058348277,8,Branco
2.073439026173244,-1.110343974667147,8,Branco
0.17525235161623576,1.3532179046905877,5,Branco
0.4985219404362492,-0.10793351512922016,5,Branco
-0.8556404274768914,-0.6182202802454208,6,Branco
0.09837515840937883,1.7999066093105571,5,Branco
0.17525235161623576,1.3532179046905877,5,Branco
0.18484426759318898,-0.8386116826473805,5,Branco
0.19848953646674078,-0.8432110493651063,5,Branco
2.6286777167057953,0.8152069060533668,5,Branco
0.1368920227167399,-0.32324564415866835,5,Branco
-0.0860462699711335,0.5510283106271633,5,Branco
0.7762955371654557,-0.7172152593516645,6,Branco
2.671348591020919,0.2618066226703006,5,Branco
2.549078970844822,0.8270001110037302,5,Branco
2.6286777167057953,0.8152069060533668,5,Branco
-1.1041685612230063,-1.0541482415417005,4,Branco
-0.3851666752208322,-2.3609930231513636,6,Branco
0.9558445442210364,0.5319946310600857,4,Branco
0.14051431799728603,-0.5388615164141393,4,Branco
1.2187647480716137,2.2966105891668365,6,Branco
1.2187647480716137,2.2966105891668365,6,Branco
1.1274271754780358,1.0722114328118633,6,Branco
1.2187647480716137,2.2966105891668365,6,Branco
0.38723477396393563,0.38443717867326815,6,Branco
1.2187647480716137,2.2966105891668365,6,Branco
0.9185168969984857,0.20814866788374067,7,Branco
1.1274271754780358,1.0722114328118633,6,Branco
-0.29430145397550395,-0.42645898229219525,6,Branco
0.7716066786087029,-0.956598998990351,5,Branco
-0.4933500313726771,-1.1557983643038585,5,Branco
-0.26221382379174196,-0.42130724037190836,6,Branco
-0.03810130044074418,-1.5705721300595024,5,Branco
0.38723477396393563,0.38443717867326815,6,Branco
-0.2786161781757704,0.55130026793036,6,Branco
-0.25997048549296753,0.6318831001007272,5,Branco
-0.4106759383442227,-1.4858552925477597,6,Branco
-0.38815010446112763,-1.218369820114887,5,Branco
1.9016607338179528,1.140753565224131,6,Branco
2.510344342907325,1.1161481879991662,5,Branco
1.3828975700951105,1.1173752838211566,7,Branco
0.1444024212838477,-0.5175875509302459,6,Branco
0.6205128344330837,1.3170971583955313,5,Branco
0.6555698598059884,-0.13893190113454273,5,Branco
-0.25997048549296753,0.6318831001007272,5,Branco
0.701487025660795,0.5603047498753548,6,Branco
-0.38815010446112763,-1.218369820114887,5,Branco
0.7169983896150559,-1.3959492634698807,6,Branco
0.1912273742030225,-1.6236666664669837,7,Branco
2.744712265106857,2.39305136832677,5,Branco
0.681293682801252,0.11308702917440518,5,Branco
0.8309761807131554,-1.7285800974198644,8,Branco
1.3451260162929064,-0.7311558319249943,6,Branco
-0.8440876622017185,0.17793386265891434,5,Branco
-0.4106759383442227,-1.4858552925477597,6,Branco
0.4368981959515218,-0.23418055309928687,7,Branco
1.2378445950664214,1.935776077288012,6,Branco
1.6922198143982985,1.879333940345127,7,Branco
1.242143265417353,0.389577913451817,6,Branco
2.282869107954598,2.3046133328373553,6,Branco
0.4368981959515218,-0.23418055309928687,7,Branco
1.6922198143982985,1.879333940345127,7,Branco
1.2378445950664214,1.935776077288012,6,Branco
0.4260742794575346,-0.3672150222145454,7,Branco
0.4771086722103859,-1.5296247445824338,6,Branco
0.010074115501378897,-1.4964104551387942,7,Branco
1.9279629211720744,0.6918042792549574,5,Branco
-0.7732785901732482,-2.2665057298717293,6,Branco
-0.7732785901732482,-2.2665057298717293,6,Branco
0.020663438348377677,0.6266527421022088,5,Branco
3.3105112786510325,2.260272221393399,6,Branco
1.9279629211720744,0.6918042792549574,5,Branco
0.8330722723022996,-1.838508500117754,6,Branco
0.2394302051800846,-1.8434595222635264,6,Branco
-0.284907370732192,-0.6026398357876699,6,Branco
1.221564536833721,0.4787709623856898,5,Branco
0.20560992482341528,-0.8774924924476883,6,Branco
-0.7732785901732482,-2.2665057298717293,6,Branco
-0.3947183622325314,-0.07265884206838256,6,Branco
1.2635776682590047,0.5378432306390857,5,Branco
-0.2592901083400126,-1.6351241110038277,8,Branco
-0.9829117732660652,4.878703690359221,5,Branco
1.2487158831610525,-0.6822936511104525,8,Branco
-0.2592901083400126,-1.6351241110038277,8,Branco
0.7397570881868615,-1.5343106794189127,6,Branco
0.26538352530258297,-1.887855139325119,7,Branco
-0.39520038362578935,-0.05751295730515473,6,Branco
1.2635776682590047,0.5378432306390857,5,Branco
-0.038733686633143444,-1.9378431003482737,7,Branco
-0.24724239511245882,-2.2493664436654015,6,Branco
-0.038733686633143444,-1.9378431003482737,7,Branco
0.7908365429501057,-0.35885527813629153,5,Branco
-0.08179282787313741,-1.2554272670393967,6,Branco
-0.34052289611676545,-1.8826348208264427,3,Branco
2.7237257478851875,2.0774955997485334,6,Branco
0.04590121356032172,-1.1823030738534963,7,Branco
-0.45112118011677227,-1.1936723770584994,7,Branco
-0.06942634187744529,-0.5821399460471077,6,Branco
0.468742434747377,-0.4961924873266759,6,Branco
1.2640377853054454,-0.34495656504213645,5,Branco
-0.24724239511245882,-2.2493664436654015,6,Branco
0.6318336987564664,-0.8656622360583377,5,Branco
0.19249858260811908,-2.3340403476124023,7,Branco
-0.012534623383931713,1.708337535757238,5,Branco
1.0087944045560047,0.03496002893295343,6,Branco
1.0355490941085181,-0.7792905001102511,7,Branco
0.7563999926964854,-1.2539198209945017,7,Branco
0.19249858260811908,-2.3340403476124023,7,Branco
0.6722759244109808,-0.8413540676277399,5,Branco
2.4387087259186946,3.880518874413203,4,Branco
1.24411340136586,0.2454423085522495,7,Branco
-0.16505311772500575,-1.5786372643007283,6,Branco
-0.35868323175039046,-1.4534859500906945,7,Branco
0.9517902908570157,1.8668600019409072,5,Branco
0.6267837813484517,-1.260722725207345,7,Branco
0.9631161652509893,-0.7499353250983105,5,Branco
0.9213486292182609,-0.8099197912084144,6,Branco
1.2098783627854617,-1.8055027925354579,7,Branco
1.6243941065083933,1.0548831832908665,5,Branco
-0.8438314888297997,-0.7526119521994482,6,Branco
0.5565737279507204,0.4218727415571263,6,Branco
3.3682605175960587,-0.2478713920808339,6,Branco
2.5434232601285247,0.5571743023825992,6,Branco
3.3975429657034097,0.4466947437625382,6,Branco
3.1891562540533247,0.4565083935687121,6,Branco
0.5773306118880996,0.5558582992074182,6,Branco
0.5565737279507204,0.4218727415571263,6,Branco
2.379752985220034,1.2138377307826813,6,Branco
-0.3736302069244652,-1.0703906281112532,5,Branco
0.3199238899937856,0.1538113538485353,7,Branco
0.8293500085933527,-1.6174312909738373,8,Branco
1.545498068568537,2.9460117572315525,7,Branco
1.1591775441661634,0.9913565807006884,5,Branco
2.053739199905004,2.86923549637345,6,Branco
1.545498068568537,2.9460117572315525,7,Branco
-0.4189436003114033,-0.42108431736734575,5,Branco
-0.4000909328071219,1.7820266392348336,5,Branco
-0.4189436003114033,-0.42108431736734575,5,Branco
2.053739199905004,2.86923549637345,6,Branco
0.2123045883437268,-0.3937181810388649,6,Branco
1.545498068568537,2.9460117572315525,7,Branco
1.1591775441661634,0.9913565807006884,5,Branco
-0.15171125843473862,-0.45915118904396307,6,Branco
-0.07057626369301487,-1.0948835308739733,6,Branco
0.20683495996235066,-1.3500188993549695,6,Branco
0.7247757280871652,-1.511698999952213,7,Branco
2.3513659440936325,2.246261430916356,5,Branco
1.5040653561346582,-1.0379083357266308,8,Branco
0.7247757280871652,-1.511698999952213,7,Branco
0.20683495996235066,-1.3500188993549695,6,Branco
1.1507974943790125,-1.5433860360456457,7,Branco
0.14321218526057197,-1.618454845413027,7,Branco
-0.1084626477791824,-2.2806933396819056,7,Branco
-0.35209885492640064,-1.972885414391053,6,Branco
0.015410153341429563,-0.26774654001487935,6,Branco
2.072098527658961,1.196332329345475,6,Branco
-0.6739426703106893,-1.5215106090601425,6,Branco
-1.0919668507251719,-0.7025526354645321,4,Branco
-1.1340063745709268,-0.6990917769434396,4,Branco
2.072098527658961,1.196332329345475,6,Branco
0.05751693610787956,-0.46347404076488563,6,Branco
0.2722068347159725,-1.2749884084685292,7,Branco
0.8053672417446277,-1.2471062959446766,6,Branco
1.5055246352437681,-0.6944789684107235,5,Branco
1.7456891924854723,0.7780423148637667,6,Branco
2.2914922339746537,-0.8100104901678006,5,Branco
1.7830101647553354,0.6412130010486825,6,Branco
2.3713227122183365,0.4335038779436877,6,Branco
2.369557634161646,3.875860966620294,5,Branco
-0.17512048387750606,-0.3859555134971219,7,Branco
0.2602899675104364,-2.194826133543596,8,Branco
0.32490505464133923,1.4648298641483721,5,Branco
0.60890294919801,0.6096402143081786,6,Branco
-0.44886393574623823,0.7154303789150483,6,Branco
1.125320229558385,-0.052367092823351134,6,Branco
0.5536395328974181,-1.2057348598100306,6,Branco
0.45245705923018653,0.3734625660984571,5,Branco
0.13896346877490093,0.7481959122466049,5,Branco
1.658201537262734,0.4798553955693107,6,Branco
2.1112834544519714,1.2353282886893355,6,Branco
1.3581812836814977,-0.889345666269927,6,Branco
0.33376278479526156,-1.035128938512717,5,Branco
-0.2964555514057508,-1.375944362503736,6,Branco
3.1389733691873243,1.0624797526921597,5,Branco
-0.7423202033021346,-1.4631111675966422,6,Branco
-0.34497088470247134,-2.1345483787993667,6,Branco
0.09865425390264193,-1.6811563894157917,6,Branco
-0.07609976839334744,-0.9500713180544258,5,Branco
0.4374719133641902,-0.936680620473833,6,Branco
-0.15133646719622,-1.657002684525143,7,Branco
2.1262224092732476,0.8871725506286288,6,Branco
1.1719781607905795,-0.765967411942983,6,Branco
-0.43596205087284706,-2.8466754482353798,6,Branco
0.4192419825920954,0.5285125836745244,5,Branco
0.545637916162894,0.4900600790120933,5,Branco
0.6624662459670513,0.7758567887312896,6,Branco
3.419597375910118,3.117765154728728,7,Branco
1.1125212927593036,-1.2106278454691461,8,Branco
-0.07254647584477068,-1.324111126394298,6,Branco
0.7605935907229411,-0.6148950104884191,6,Branco
1.0597410936270384,-0.39010401447473086,8,Branco
1.9325116838822658,0.25395025402128063,5,Branco
1.9325116838822658,0.25395025402128063,5,Branco
0.5571990725528312,0.8557427197541722,6,Branco
1.1421672243731977,-1.1134702545904847,6,Branco
-0.10231285510614824,-0.7290167153283487,5,Branco
0.5571990725528312,0.8557427197541722,6,Branco
1.6078551385816915,1.0918290119422076,6,Branco
1.1895876880358962,-1.8478246421998104,8,Branco
-0.4503229201459154,-2.0910958930976147,8,Branco
1.0613222885504232,-1.1058084826558334,7,Branco
0.9529200289781721,-0.5815201768431945,7,Branco
1.0597410936270384,-0.39010401447473086,8,Branco
-0.48688874179122177,-0.46108560787024255,4,Branco
-1.2177119335522086,-1.2463370717157567,7,Branco
0.6146275998396209,-2.357975991798238,7,Branco
0.7605935907229411,-0.6148950104884191,6,Branco
1.9325116838822658,0.25395025402128063,5,Branco
1.1470252884481775,0.10667615623517543,5,Branco
1.209363521945885,-1.25139577723301,5,Branco
2.182440188228412,2.534132787714253,6,Branco
1.702420937026902,0.4104215195403619,6,Branco
-0.12543628336721666,-1.8235153825678287,8,Branco
0.2700358536354344,-1.4206992399330196,7,Branco
1.6366566136697438,-0.8409044833050987,6,Branco
1.7744356675404254,-0.9537630065726637,7,Branco
0.6098053477193287,-1.7919421618161704,7,Branco
-0.46634832155951833,-0.6603106017912622,4,Branco
1.209363521945885,-1.25139577723301,5,Branco
0.9427567954550304,-1.2645678222829948,7,Branco
0.2089780061351694,-1.598308037543255,6,Branco
-0.03486074241432991,0.6040394003973296,5,Branco
2.182440188228412,2.534132787714253,6,Branco
0.577396100900568,3.6595883284963313,5,Branco
-0.028972511248610687,-0.44493688113856994,6,Branco
1.4528283687206316,-0.1379926771803519,7,Branco
1.1270146843269309,2.892521804491023,6,Branco
1.1270146843269309,2.892521804491023,6,Branco
0.5234556991205697,-2.2965951628869288,7,Branco
0.4639898067716321,-1.9384637782267657,7,Branco
-0.5950393052619285,-0.8614968158754319,6,Branco
-0.5832839552079809,-0.772512434817334,6,Branco
0.5970640319922551,-1.5315636984272978,7,Branco
-0.7596471998792843,-1.084371020178998,6,Branco
0.7601732483869892,-1.139109719617579,7,Branco
-0.8149043001830011,-1.9819527919500746,7,Branco
-0.2807351847247876,-0.2421310822155698,6,Branco
0.16028384642832105,-0.8822750399084199,6,Branco
-0.6648421096009476,-0.9863385084250138,6,Branco
-0.8136681290165236,-0.5358808155659579,5,Branco
-1.7309532905704956,-2.5724015401007794,7,Branco
-0.9430446181605444,-2.715607685406907,6,Branco
-0.0021475709592452463,-1.4910744754204606,7,Branco
2.3500495247201494,-0.2990313711397669,6,Branco
0.8553906874699878,-0.758124065761176,6,Branco
0.2902830069244162,-2.5729244929796695,6,Branco
-0.9430446181605444,-2.715607685406907,6,Branco
0.5841501716287493,-0.6031782987246743,6,Branco
-1.7309532905704956,-2.5724015401007794,7,Branco
0.26681844761680906,-2.2617809382682657,7,Branco
-0.0021475709592452463,-1.4910744754204606,7,Branco
2.144231114567621,2.097117128006239,7,Branco
2.144231114567621,2.097117128006239,7,Branco
0.4494365150517077,-1.171384748454536,6,Branco
2.144231114567621,2.097117128006239,7,Branco
1.8332201440527067,2.05434169206552,6,Branco
-0.1344818384648154,-0.5369446722019902,8,Branco
-0.27273159892529697,-0.7490978068611681,8,Branco
-0.0947728858837206,-0.029675764839224062,5,Branco
-0.05853433537969872,-0.31840620501952277,4,Branco
0.3343994271944856,-0.05054527222927159,8,Branco
-0.42222522241164995,-0.7027841224103616,6,Branco
2.144231114567621,2.097117128006239,7,Branco
0.38522727514742183,-0.7501642726598864,6,Branco
0.4974041660526414,-1.1617416686216007,6,Branco
0.4494365150517077,-1.171384748454536,6,Branco
-0.2157950414225829,-1.1660106344168168,8,Branco
0.5559110837442268,0.11893325295990849,6,Branco
1.400844821130815,-2.161070518082303,6,Branco
-0.8203198396085625,-1.449002225464119,5,Branco
-0.4163355895630643,-0.8478303602865136,6,Branco
2.2226834927936494,2.820297550328005,3,Branco
0.23853923903883442,-0.28648825542679063,5,Branco
0.9709878168361128,-0.7044505559331926,7,Branco
1.2014770800230372,1.6942172834817222,4,Branco
0.38358006546519324,-1.6370098381131761,6,Branco
0.31357368214595055,-1.1687343137678656,5,Branco
1.994441107140886,2.4445007801016474,4,Branco
0.5559110837442268,0.11893325295990849,6,Branco
0.5216703855790051,-1.66595958023901,6,Branco
1.0016929605098122,-2.087947107513623,6,Branco
0.6653982850222453,-0.9359576855135135,5,Branco
-0.07107439039843681,-0.24223900920094962,7,Branco
0.002948795310853185,-0.7650124870073769,5,Branco
-0.12908961001339894,-0.9730332705598691,4,Branco
0.002948795310853185,-0.7650124870073769,5,Branco
-0.07842818199738304,-1.899114604965252,7,Branco
0.6342512504452599,-2.2210821769519016,6,Branco
0.6653982850222453,-0.9359576855135135,5,Branco
0.5785699455918748,1.277129751994776,5,Branco
2.239436006418775,4.1894715281750186,5,Branco
-0.07107439039843681,-0.24223900920094962,7,Branco
2.915576531163461,0.4620242680301102,5,Branco
2.9482241328586194,1.0684645208312216,5,Branco
2.827551511337769,2.5247993470339285,5,Branco
-0.164976050363989,-0.9983075142916662,5,Branco
0.4954573994432489,0.2327475375098547,5,Branco
1.0023509849441292,-1.5776366203355878,6,Branco
1.5057423062166226,0.5244523103941989,6,Branco
0.8346017570999251,-0.7191748767584487,6,Branco
-0.05116191302970435,-1.9875966151943039,6,Branco
0.3397441253307293,-1.115477232128586,6,Branco
0.3397441253307293,-1.115477232128586,6,Branco
2.241616529669749,-0.9141283872096745,6,Branco
1.5057423062166226,0.5244523103941989,6,Branco
0.1484278907989929,0.010582902551860682,5,Branco
1.5057423062166226,0.5244523103941989,6,Branco
1.2732003658283757,0.5141975679636439,7,Branco
3.118507519038283,3.642172100080932,5,Branco
1.2628803676948765,2.55757295659734,5,Branco
-0.05116191302970435,-1.9875966151943039,6,Branco
0.8346017570999251,-0.7191748767584487,6,Branco
1.1805170074425702,-1.423208564288786,6,Branco
0.8283931681253764,-0.12073358636856085,6,Branco
0.6161880105888417,-0.76787891315085,6,Branco
1.5193927602858772,-0.6276485708140412,6,Branco
0.3397441253307293,-1.115477232128586,6,Branco
0.12299237192623146,-0.6956146951867447,6,Branco
1.3863709031538551,-0.9124412576585607,8,Branco
0.41830921784911906,-0.461027874008961,5,Branco
2.241616529669749,-0.9141283872096745,6,Branco
0.5673718130290917,-1.9716522236307117,7,Branco
-0.36601361522120435,-1.1157334862433725,5,Branco
0.1484278907989929,0.010582902551860682,5,Branco
1.2732003658283757,0.5141975679636439,7,Branco
1.5057423062166226,0.5244523103941989,6,Branco
-0.509241660226188,-1.560786046815263,5,Branco
1.135183260501001,-0.3693832916492289,6,Branco
-0.14155112106223486,-0.037171445970430206,4,Branco
0.3867858353547467,-0.591990006920136,6,Branco
0.6036335500121817,0.6574718624796856,5,Branco
-0.6035865613871123,-1.210470221628932,6,Branco
1.4326793409335883,-0.9568187677205685,6,Branco
-0.005064640221295872,-0.2679577827330128,6,Branco
0.3867858353547467,-0.591990006920136,6,Branco
-0.3055544792022712,-0.6625674558658661,6,Branco
0.7128047939739705,-0.02610403546063771,6,Branco
-0.14155112106223486,-0.037171445970430206,4,Branco
-0.23879333403246672,0.6051586027490472,3,Branco
0.6497218238943703,-0.8342075132383749,6,Branco
-0.545410508272239,-0.5871681129972436,6,Branco
2.3025610107571857,2.41337496084544,6,Branco
3.358196632603349,1.9674193982176156,6,Branco
3.507124824843727,2.9908633980473764,5,Branco
0.4545526945536758,-1.7725336280518886,6,Branco
-0.322847344815019,-0.9758413557348415,5,Branco
1.747206853744828,1.2873872966301356,5,Branco
1.5180320385280317,-0.4348381567882128,8,Branco
1.634258874347058,-0.6544482989732111,8,Branco
2.06508194635264,-0.47019143239172595,7,Branco
-1.684715394112487,-1.344120645923187,5,Branco
0.5541129069546036,-1.8319511497547292,7,Branco
-0.1583513571437871,-1.6839097992853826,6,Branco
-0.876630845533458,-2.1944643816382525,6,Branco
1.7116023122790014,-0.18737946473515998,7,Branco
1.3034911971262164,0.024024410587122652,5,Branco
0.3086400192794267,-0.7295387610167726,5,Branco
0.11631626910872124,-2.27569059485985,7,Branco
1.5277489401734996,-0.24317359604096225,8,Branco
0.7389034526164646,0.6160341252358497,7,Branco
1.9689314857949265,0.7448688813600873,6,Branco
1.647937295028152,1.42861441515083,6,Branco
1.847674827197939,1.5306407272700377,6,Branco
0.21440063002027276,-0.37488182782999,5,Branco
-0.010572278596930187,0.07762283847494583,5,Branco
0.3364889134053777,0.17176819933355156,6,Branco
1.726365763441564,-0.15320571339977762,7,Branco
2.518685335183894,-0.21470283838858276,6,Branco
1.7116023122790014,-0.18737946473515998,7,Branco
0.35560545348765893,-0.3168240095044984,6,Branco
2.2625654520139795,0.6227893310393906,6,Branco
2.2380539768892747,0.654584762778693,6,Branco
0.6789673980243336,-0.5417312170058182,6,Branco
1.3034911971262164,0.024024410587122652,5,Branco
1.3984182087870363,0.03862630666675229,6,Branco
0.3086400192794267,-0.7295387610167726,5,Branco
0.1539765797668427,-0.8526591185574637,5,Branco
1.1202461686697185,1.2671044014475483,6,Branco
2.53219732726112,2.25796030238329,6,Branco
2.5556849470415672,2.341716221635869,5,Branco
-0.6346277757079527,0.893596902378903,6,Branco
1.7045955620934574,0.7375883914150985,6,Branco
0.6179101906672955,-0.8706358115352804,6,Branco
2.53219732726112,2.25796030238329,6,Branco
2.5556849470415672,2.341716221635869,5,Branco
1.4128186276348402,-0.03455743862780855,7,Branco
2.665831839771261,-0.002812935105906711,7,Branco
0.45109391216956146,-0.45262977523222087,6,Branco
2.082997760693106,2.6900793309921207,6,Branco
0.5832952258320984,-0.3329070664382173,6,Branco
-0.2017697217950661,-0.44859325006016415,5,Branco
0.6988173486842262,-0.08579229952722414,6,Branco
0.7951113573046114,-1.150632766836837,6,Branco
0.45109391216956146,-0.45262977523222087,6,Branco
2.082997760693106,2.6900793309921207,6,Branco
-0.26187010131992655,-0.6137876102952058,4,Branco
0.2001184319418739,-0.8578349259007843,6,Branco
-0.07539582020230032,-0.5544641685899796,6,Branco
-0.2017697217950661,-0.44859325006016415,5,Branco
1.131174970394887,0.2370371318396355,6,Branco
1.310455786331984,0.05101952446259201,6,Branco
1.3497249183703628,0.08192832258330392,6,Branco
-0.6203043746180804,-2.4601518621324674,6,Branco
0.5832952258320984,-0.3329070664382173,6,Branco
1.0705357593187308,0.3501122002092833,6,Branco
1.562927301967155,1.2834092364542424,6,Branco
0.894842071199666,-1.877801262678198,7,Branco
0.1406337440445864,0.32085828847880465,7,Branco
0.1971167175066113,0.8168234121861472,7,Branco
0.36528776093363846,-0.9196380082403783,7,Branco
1.9240548968386821,1.4692748599175718,6,Branco
1.0705357593187308,0.3501122002092833,6,Branco
-0.17493674014869995,0.8019976150896129,4,Branco
-0.42054490895053537,-0.5500373809425222,4,Branco
0.5334290766421627,-1.4366588833033884,6,Branco
-0.5824939767325717,0.7037523855503779,5,Branco
0.3374079460776294,-2.269833555975084,7,Branco
0.5334290766421627,-1.4366588833033884,6,Branco
-0.5824939767325717,0.7037523855503779,5,Branco
0.4185754699047815,0.22215899518927773,6,Branco
2.4721669259560124,2.5293869555375483,5,Branco
-0.029254451040149343,-0.14809425251462957,5,Branco
1.0417896895958374,1.2098034458846105,6,Branco
1.4182296942423693,0.36717370132850385,5,Branco
1.4425166563921619,0.35422208619932277,5,Branco
1.0417896895958374,1.2098034458846105,6,Branco
1.12007817448236,0.29740667319094616,6,Branco
0.4271167326472983,-0.40202183256901086,5,Branco
1.2342399163386664,0.6255213086046065,4,Branco
1.0042564104105904,0.300177535816064,6,Branco
-0.20365970656610233,-0.795975995102169,6,Branco
-1.1602199384785372,-0.02906527206472752,4,Branco
1.7371747436039409,1.3375915168521826,5,Branco
1.8989256021624952,2.4925797503166565,4,Branco
0.3978688410181872,2.829849250071848,5,Branco
0.6933963250588104,0.00641107626816441,6,Branco
1.3321937732006919,-0.39267194013873213,7,Branco
1.7371747436039409,1.3375915168521826,5,Branco
2.7209270894848103,1.0956170351026404,6,Branco
2.6821306343183875,2.4735929169146114,5,Branco
0.38181676032476997,0.6878320217365215,5,Branco
2.7209270894848103,1.0956170351026404,6,Branco
2.6821306343183875,2.4735929169146114,5,Branco
0.38091329508994065,-0.9104605835948877,6,Branco
0.624853720607099,-0.8247717800140808,6,Branco
1.8887595049017845,-0.3052838052740508,6,Branco
0.7973904857035861,-0.8288165186141636,6,Branco
-0.39982784234725804,0.5657016311759291,6,Branco
1.3569527021424768,0.32935436860225803,6,Branco
2.305712642767675,0.7521047871550932,6,Branco
0.4446914349317108,-2.2528737539277257,5,Branco
2.305712642767675,0.7521047871550932,6,Branco
-0.35408855037460235,0.6549782540963386,6,Branco
-1.1666695473337843,-0.19990328687177306,6,Branco
1.3569527021424768,0.32935436860225803,6,Branco
1.9581826187069338,1.1160689077167798,6,Branco
-0.07338869790249454,-2.745420577704922,5,Branco
-1.3087146695711136,-3.6787612101516216,7,Branco
0.2970080853864033,-0.6255835946630238,5,Branco
0.20112924733452955,-2.3996462455556125,9,Branco
0.6018954484532686,-1.6934345741628951,6,Branco
1.4665897819492606,-0.5407768005433295,7,Branco
3.9223083522214988,4.035174652465428,5,Branco
2.40222137218646,1.5599611828927034,7,Branco
0.6018954484532686,-1.6934345741628951,6,Branco
0.4380259821640691,0.06821345585727935,6,Branco
0.6681611137101283,-1.1097322029991321,7,Branco
0.9214910968462084,-0.7533917003627693,7,Branco
1.5814919014717739,0.6152111614540148,5,Branco
0.6346265722037097,-0.7082350401088168,6,Branco
2.5338896754564675,1.1594508529814636,6,Branco
0.39317902061172905,-0.05191362238485096,6,Branco
2.8987108981414367,2.228371832902851,6,Branco
1.059406827321602,-1.4073451361104135,8,Branco
0.6681611137101283,-1.1097322029991321,7,Branco
0.07093721948019456,0.7281744927570365,5,Branco
1.0526823573083857,0.9742482543593822,6,Branco
0.7849161446385736,0.19591506410870635,6,Branco
0.810119106014264,-0.0535432816013149,7,Branco
1.1317316021712798,0.22645596571480714,6,Branco
1.7814584477696556,1.7617661531152242,6,Branco
0.07093721948019456,0.7281744927570365,5,Branco
0.039584818596128515,-0.8014933943190197,6,Branco
0.9927965700165429,0.33748287437396346,6,Branco
-1.0116505138787049,-1.0945468409205006,5,Branco
0.039584818596128515,-0.8014933943190197,6,Branco
-0.039763815260913354,-1.1331915020312673,8,Branco
0.6066065074931737,-0.5484506815815782,7,Branco
2.8333095949577016,3.125297136562422,6,Branco
0.7543054802909123,-0.3189137478737464,6,Branco
0.6409345435102521,0.5497478111269638,5,Branco
1.3287723226479164,0.06314806221094431,6,Branco
0.46674511266047514,4.313030787167847,5,Branco
0.589663266405669,-0.36757461160747334,5,Branco
0.6409345435102521,0.5497478111269638,5,Branco
1.341265648345886,0.25290047363669277,6,Branco
1.9712082777883948,2.0775449924713447,7,Branco
1.4699584565352364,1.7084193038191704,7,Branco
1.9712082777883948,2.0775449924713447,7,Branco
1.398165783272025,0.9634926995181151,7,Branco
1.341265648345886,0.25290047363669277,6,Branco
0.48206185739762775,-1.9699306410167547,7,Branco
-0.3490893471707918,-0.31348161208609854,5,Branco
0.27124535348085344,0.284729118896667,4,Branco
-0.024922276288752085,-1.1758103746713036,7,Branco
2.128499986157967,2.626306484753402,6,Branco
0.17350136779310038,-0.7529792159232315,4,Branco
2.7201664719543195,5.589798902696879,6,Branco
1.0653760356262028,0.9684107090102927,5,Branco
0.23383409734555577,0.07434008679834879,5,Branco
0.5278258584750048,-0.6105719407581182,5,Branco
0.3008059304770658,0.7736746520694259,6,Branco
2.4161613418025425,1.367723229410416,5,Branco
2.393960944174041,0.9927965148046856,5,Branco
2.627071696792098,0.9931908373513776,6,Branco
2.2106639074253276,0.385214996504859,6,Branco
0.9753737461073674,-0.9928243377116605,7,Branco
2.7201664719543195,5.589798902696879,6,Branco
1.2679611011615104,2.888261055359327,4,Branco
0.6680805016595925,-1.997402119686029,8,Branco
-0.9658193739151771,-0.5171394850247126,5,Branco
0.1420428661770616,-0.1407244142064084,6,Branco
-0.02580904496215488,-1.1225805263285131,7,Branco
-0.04112142247739525,-0.776678964425881,6,Branco
0.5996835702196256,0.6178546668450121,6,Branco
-0.11979956979740099,-1.1966526527378147,7,Branco
0.6924059792115203,0.955019107864638,5,Branco
0.5251290327050679,0.9557954192807115,5,Branco
2.605059312582889,0.2749276522378385,6,Branco
2.747034348904174,1.0089680124016593,5,Branco
-0.11979956979740099,-1.1966526527378147,7,Branco
1.780760717571125,-1.169548875480093,6,Branco
1.0570962210116717,-0.5940406194314517,6,Branco
-0.0023270429547895054,-0.7266482445615068,5,Branco
1.9827116075750202,2.9625347400280195,5,Branco
1.016131300086129,-0.5706817344568043,6,Branco
2.7009410468882815,1.974560660312806,7,Branco
2.7009410468882815,1.974560660312806,7,Branco
2.5314681087524544,2.5549457121942365,7,Branco
2.7009410468882815,1.974560660312806,7,Branco
0.40456241801704773,1.2268019889215267,5,Branco
2.5314681087524544,2.5549457121942365,7,Branco
2.5309701345567635,0.105560987968912,3,Branco
0.10705249019113844,-1.731882127325857,6,Branco
-0.48124491164496,0.5602214137491897,4,Branco
2.7009410468882815,1.974560660312806,7,Branco
1.297094954635526,-1.2001600360161158,6,Branco
1.9503157866377494,0.14078777580081797,5,Branco
0.9103588040767489,0.15712891881222202,6,Branco
0.7513949928743145,-1.1558903738213357,6,Branco
2.3217230078172726,1.7966065304305403,6,Branco
1.2305680348154837,-2.0856507108747517,6,Branco
1.297094954635526,-1.2001600360161158,6,Branco
0.7396002406692284,-1.8463272906761234,6,Branco
-0.4125490748627538,-0.6555585439563151,6,Branco
1.9643091310384293,1.060530768407697,5,Branco
0.012465150868931988,-0.046128511773523076,4,Branco
0.8243068678502902,0.5352905210443865,5,Branco
0.7831513298805319,0.5316348475013144,5,Branco
0.15944051320227595,-1.7593456470799103,6,Branco
0.4518803705589274,-0.9321210407163428,6,Branco
1.9850508081563747,1.7134747365411394,5,Branco
-0.9579009404310421,-0.30381192767617726,4,Branco
1.9464405880791298,1.1120403639655616,5,Branco
-0.8327020802022448,-0.9272215448995458,5,Branco
0.5939505730028598,-0.6199016438953839,5,Branco
0.5603106997719077,0.29942135308837964,6,Branco
0.07465410204253184,0.07521306682912138,6,Branco
0.11787557786331519,1.0872266257330898,5,Branco
0.6660757069222735,-1.6799204194199662,8,Branco
0.3400372295067219,-0.5849980527673355,6,Branco
0.45167935494615374,-0.834234067370076,6,Branco
0.6066231746657602,0.8724168093939811,4,Branco
0.08092115984231166,-1.2633109069064037,6,Branco
0.5946544674092105,-0.7063348793017972,7,Branco
0.47916210409828836,-0.2923922815358236,7,Branco
2.0974464110107665,1.6568093307122167,6,Branco
0.6660757069222735,-1.6799204194199662,8,Branco
0.4186279977696678,-0.6771766236062571,6,Branco
1.4469335944655939,0.1266759322542615,6,Branco
0.24433669171963376,-1.339692358744634,6,Branco
2.2707799971047047,1.635154706413902,6,Branco
0.11787557786331519,1.0872266257330898,5,Branco
0.6989048426846306,-0.2970748194711621,6,Branco
0.7167025482792054,-0.4428812590869634,6,Branco
2.2626067477281957,2.253760323120578,6,Branco
0.1830045356670566,-2.273410606373032,5,Branco
0.7060794474561138,-0.9224681381268603,6,Branco
1.917126925218295,0.8402066643858598,6,Branco
1.0722472163734185,-0.8493938978114712,6,Branco
0.25913948328951253,-0.11490740621137814,5,Branco
1.917126925218295,0.8402066643858598,6,Branco
-0.007943841778516685,-0.29004337874033853,5,Branco
-0.6070371125630106,-1.5725837752879694,4,Branco
0.6867797189993091,0.6494217460036905,6,Branco
0.3695506600167122,-2.069861081660019,6,Branco
2.238486989071938,0.8061257984065143,6,Branco
0.9824213414437909,1.6957035678834604,6,Branco
1.1720076508403388,0.6624458077452672,5,Branco
2.4321334638333836,1.6920665296019388,5,Branco
0.3996440233638875,-0.1531279507998373,5,Branco
0.9824213414437909,1.6957035678834604,6,Branco
-0.5220039906093773,-1.123797523547723,5,Branco
1.0636613852893626,-1.103253883857348,6,Branco
1.710111018814566,1.1339127950884453,6,Branco
0.6705673653020623,-1.5529849439866008,7,Branco
2.376741824635064,1.163293610506892,6,Branco
0.18671439462680192,-0.6939143037118981,7,Branco
0.3403825303552871,-1.8631921566094392,6,Branco
2.238486989071938,0.8061257984065143,6,Branco
1.9922721831078192,0.7143965773861273,5,Branco
2.1515142330016848,1.2252875708876714,5,Branco
-0.5980487546507978,-0.28773834773609686,5,Branco
2.151871747029894,1.0558349556128486,5,Branco
1.9796869500462664,-0.5730715639214796,6,Branco
0.2538186722693824,0.21393815531954224,6,Branco
-0.15353390820613733,-2.0875145528882966,7,Branco
0.34273734218796037,0.6365582478673301,6,Branco
1.9922721831078192,0.7143965773861273,5,Branco
2.1515142330016848,1.2252875708876714,5,Branco
2.0574619232081566,1.0130705377615454,5,Branco
0.42845810425133984,0.7032126830445277,5,Branco
0.9119670584636311,-1.091654802929134,5,Branco
-0.46890127976050494,-1.161860290277566,7,Branco
1.0509383269622121,0.587178330139328,6,Branco
0.27701983587145046,-0.31591459420389084,6,Branco
0.9288142084627448,0.570780729417126,6,Branco
1.0509383269622121,0.587178330139328,6,Branco
0.46453698078706723,-1.1208264693585734,6,Branco
1.6837911493733102,1.5884327820252278,6,Branco
1.2083243605158567,1.3432886892736609,5,Branco
0.27701983587145046,-0.31591459420389084,6,Branco
0.5522848632982709,-1.317475317628688,8,Branco
0.5522848632982709,-1.317475317628688,8,Branco
1.213205710852792,0.42721997062389444,5,Branco
0.19604403966077782,-0.8997521170324633,4,Branco
2.188440774265406,0.008288831591446963,6,Branco
-1.4116389207041917,0.6609043860931043,6,Branco
1.1230996620313043,-1.1201660421941213,7,Branco
2.188440774265406,0.008288831591446963,6,Branco
-0.03214065374039005,-1.4239056797378897,7,Branco
0.914285971481951,-1.9843667702549719,7,Branco
0.618675605177488,-0.7028898542345448,5,Branco
0.3116597147702914,-1.433063625536344,7,Branco
0.5732641136448094,0.7373282655691411,5,Branco
-0.31417351536856614,-0.41287154607441395,5,Branco
0.07005620486313517,-0.4216682210162568,6,Branco
1.4427540602540387,2.826563956953438,5,Branco
-0.5580148961636567,-0.10842317902784787,5,Branco
0.49276217216338336,0.5671217387236542,6,Branco
-0.4087876077360161,-1.4669196637287019,5,Branco
1.1329503088783013,-0.8902560024689451,8,Branco
2.555409195141727,2.2299189271440785,6,Branco
0.6909494162340248,-0.04205953316286334,6,Branco
2.1389249001928095,1.237657712596411,6,Branco
-0.3490738925555868,-0.0465231497548505,5,Branco
2.555409195141727,2.2299189271440785,6,Branco
0.6909494162340248,-0.04205953316286334,6,Branco
2.1389249001928095,1.237657712596411,6,Branco
0.8830687524458902,1.5458425661651538,5,Branco
-0.4396440969940681,-0.061744090459473926,5,Branco
1.6364829707356408,3.4342171857724826,6,Branco
0.8830687524458902,1.5458425661651538,5,Branco
1.6364829707356408,3.4342171857724826,6,Branco
0.8915938608589631,-0.736706061033072,6,Branco
-0.4396440969940681,-0.061744090459473926,5,Branco
-0.43764728231252564,-2.555260411508299,6,Branco
0.22258723664334226,-1.5017593008624508,6,Branco
0.15917974393207734,-1.7339595220750135,7,Branco
0.1712007830818123,-1.5969113619267552,6,Branco
1.016851703588752,-0.4741801731135433,7,Branco
0.057931886325584984,-0.7582255878256968,4,Branco
-0.1260432881302646,-2.949291091669003,6,Branco
0.4033816885915068,-2.8556223224824246,6,Branco
0.1712007830818123,-1.5969113619267552,6,Branco
0.2375504613198161,-1.10508517022532,5,Branco
0.15917974393207734,-1.7339595220750135,7,Branco
1.214125947529915,0.4466596836342955,6,Branco
1.641614758654325,0.6912738598779095,5,Branco
-1.0486903800861003,-0.6618311397993395,5,Branco
1.641614758654325,0.6912738598779095,5,Branco
1.214125947529915,0.4466596836342955,6,Branco
1.3781246738015138,0.3912414886617448,6,Branco
1.1788457008040596,0.06372061753417282,7,Branco
1.1788457008040596,0.06372061753417282,7,Branco
0.8779369763191937,0.1508526619550039,7,Branco
1.1788457008040596,0.06372061753417282,7,Branco
0.8779369763191937,0.1508526619550039,7,Branco
0.9341856134032153,-0.8347951939467847,6,Branco
0.007116498614147771,4.07120498688136,5,Branco
-0.11748426021625828,1.0604669812659884,6,Branco
-0.12613541161582523,-1.1356063514234531,7,Branco
2.0018684447177755,1.5049814548403078,6,Branco
-0.11748426021625828,1.0604669812659884,6,Branco
0.18943506945492464,-1.0940988218653578,5,Branco
-0.12613541161582523,-1.1356063514234531,7,Branco
3.7900159811854373,1.9708108066186016,6,Branco
-0.2651635433603185,1.0474294096864691,6,Branco
-0.27463290974108867,-1.8578065284062664,6,Branco
0.9850265517027557,1.502458476257534,5,Branco
2.6144092713050266,1.5358966792395188,5,Branco
0.9850265517027557,1.502458476257534,5,Branco
1.5528340930907234,4.194818292238323,5,Branco
1.23466780589883,-1.4687431716705752,6,Branco
1.2285015464427087,-1.1090242938993722,7,Branco
-0.27463290974108867,-1.8578065284062664,6,Branco
-0.2462940743964959,-1.0344838565496557,7,Branco
-0.8240912256949405,0.30330374089223655,5,Branco
1.1576770975387776,-0.10998301677434007,7,Branco
2.991765701552949,1.8775683536777357,6,Branco
-1.0568976325695003,1.7203717080007577,4,Branco
-0.1737032234951879,0.5065607743644908,5,Branco
-0.17035622947562773,0.49157958106896715,5,Branco
2.991765701552949,1.8775683536777357,6,Branco
0.9995576175556842,-0.3291727270886334,6,Branco
2.552918939240781,1.2403113933896441,6,Branco
-0.9128765325900114,-0.7879919964025563,7,Branco
2.16992448596187,0.513619607858768,5,Branco
-0.4097493107197568,-0.7099567432384657,6,Branco
-0.9217926037760715,2.5799450299769986,6,Branco
1.6552697971948913,1.5157697410221305,6,Branco
1.4094532394776293,-0.2126479465311023,6,Branco
1.3529812343439571,-1.046517284412251,7,Branco
1.5962343040916052,0.41140235917628004,7,Branco
0.6992098259737439,-1.2076936123828281,6,Branco
0.8372349936921184,-0.43143177148831113,6,Branco
1.742330508510704,1.4086067468149819,5,Branco
1.742330508510704,1.4086067468149819,5,Branco
1.426750519003652,-0.27569078602079594,5,Branco
0.7580953237347163,2.077118714488713,5,Branco
0.8142101044632486,0.11163094241392824,6,Branco
0.10986929048103217,-0.9947894250211876,6,Branco
2.407444302554005,2.4798311177579055,6,Branco
1.619683057210565,2.0221920241009594,6,Branco
1.940663700843868,2.474803358784909,5,Branco
1.619683057210565,2.0221920241009594,6,Branco
1.940663700843868,2.474803358784909,5,Branco
1.940663700843868,2.474803358784909,5,Branco
1.0432702867814136,-0.5653737475205824,5,Branco
1.619683057210565,2.0221920241009594,6,Branco
-0.13918956365253396,-0.7672092080125908,5,Branco
1.7481700523288688,1.5465292005638642,5,Branco
2.403758205966391,2.12986473953045,5,Branco
-0.15197266617817803,-0.16172720836637358,5,Branco
1.940663700843868,2.474803358784909,5,Branco
1.6654923445597172,2.4002264144398238,5,Branco
1.981515811572359,2.186672067105946,5,Branco
1.981515811572359,2.186672067105946,5,Branco
1.026907546653411,0.6407560159142878,5,Branco
2.954917822672557,1.6817052781087682,6,Branco
2.5471047220346237,1.807121766116682,6,Branco
2.5471047220346237,1.807121766116682,6,Branco
-0.4885372723453183,1.0444791457851,6,Branco
-0.42557594638367735,-2.2203498897758194,7,Branco
2.181976055553081,2.5727952785899872,6,Branco
0.9295418325644966,-0.17134427689108436,5,Branco
1.5223814999001057,2.1686138975453964,6,Branco
-0.27620075947976586,-0.41480587564830873,5,Branco
2.954917822672557,1.6817052781087682,6,Branco
2.5471047220346237,1.807121766116682,6,Branco
-0.2441140732910734,-0.8406027268753575,5,Branco
0.9153770657100043,-1.076825859173909,7,Branco
0.050782631876234795,-1.1972432339390038,7,Branco
1.3277691698727456,0.8970851390951075,5,Branco
2.2796988281718518,0.817296357341749,5,Branco
-0.5746901642601412,-0.4878340763846576,6,Branco
0.4115182650577588,-0.3962587988480248,6,Branco
0.24660719175960016,0.452938219765283,6,Branco
0.5207137493282188,-1.775243493757126,6,Branco
0.050782631876234795,-1.1972432339390038,7,Branco
2.2796988281718518,0.817296357341749,5,Branco
-0.5746901642601412,-0.4878340763846576,6,Branco
1.9541271295670437,2.102213282957294,6,Branco
2.139041593329219,2.5336286202822462,6,Branco
1.6962599988322173,1.5060518998592336,7,Branco
1.3277691698727456,0.8970851390951075,5,Branco
0.624179675642964,-0.1011604706760238,5,Branco
-0.8467518449828557,-0.7229744127781693,5,Branco
-0.21683172070946388,-0.8994705283569514,4,Branco
-0.9445941229247253,0.7588030459181864,6,Branco
-1.0688586868237093,0.810344108985242,6,Branco
1.2765846819184772,-0.7049660201639635,5,Branco
1.6378305281487728,-0.6269532484920528,6,Branco
1.5008150363195938,1.1398099947990958,5,Branco
2.1602629024284186,1.5527945128945053,6,Branco
4.142389385042845,-0.47505042248238244,3,Branco
-0.8585425040247301,0.7406228651566579,6,Branco
1.2642884574782227,1.8495524163448085,5,Branco
-0.48936614387274635,-0.7935379703813745,6,Branco
1.5008150363195938,1.1398099947990958,5,Branco
2.1602629024284186,1.5527945128945053,6,Branco
0.9507619180759588,-0.5358734908752858,7,Branco
0.2983413858089669,-1.1686487322061976,5,Branco
1.2012930354426146,0.7435248180113762,5,Branco
2.3284599988501835,3.6838604491098472,5,Branco
1.2012930354426146,0.7435248180113762,5,Branco
2.3284599988501835,3.6838604491098472,5,Branco
2.3147006206508,1.1556014475051393,5,Branco
1.926459049142219,0.10731726496712393,5,Branco
0.9975470941285813,0.9526409459373794,6,Branco
1.5766203159018797,1.38010456902181,6,Branco
1.9817180770705387,0.02948346876502763,5,Branco
0.24843353798032702,-0.5456706813849325,7,Branco
1.238846037428424,0.6304227237431567,5,Branco
2.7142951883469117,2.1933907562219455,5,Branco
-1.065218064644179,1.7239931335610046,4,Branco
1.0417315863979513,-1.2163430367937131,7,Branco
0.41639348920967834,0.4656740313599964,6,Branco
2.7142951883469117,2.1933907562219455,5,Branco
2.36296279050411,1.8422821740868487,5,Branco
-0.3082888492269185,-1.107133366806112,5,Branco
0.5114686328142032,0.46289373949091656,6,Branco
2.975646871801755,3.7549195591744766,6,Branco
0.41202439935654955,-0.4743701311581899,5,Branco
0.41202439935654955,-0.4743701311581899,5,Branco
-0.002341667915024402,1.2930569632110198,5,Branco
-0.4744914764332946,0.38837168676995104,5,Branco
2.975646871801755,3.7549195591744766,6,Branco
1.703184106660213,0.9093602463051149,5,Branco
2.1595062993629015,2.019528743164573,6,Branco
0.5742558000458146,-0.2964049281173629,6,Branco
1.8382273982742234,1.5135351723441024,7,Branco
0.2738953981502515,-0.5959078426432394,6,Branco
-0.1094486153768927,-1.2798064068099113,7,Branco
-0.3494464468248628,-0.07780321559446131,6,Branco
-0.1094486153768927,-1.2798064068099113,7,Branco
0.584285183390025,0.9222867748013295,5,Branco
1.437972234596988,2.9074205383675578,5,Branco
1.437972234596988,2.9074205383675578,5,Branco
2.554520051834609,0.7527307254900747,6,Branco
0.7496706949301102,0.4958643286569741,5,Branco
0.5195412200212781,1.0159400830423804,6,Branco
-0.6235050172045253,-0.6117265173530491,6,Branco
2.3201868984366762,2.263665629539899,6,Branco
2.574767150116374,2.2670496477184217,8,Branco
2.574767150116374,2.2670496477184217,8,Branco
2.574767150116374,2.2670496477184217,8,Branco
2.574767150116374,2.2670496477184217,8,Branco
2.574767150116374,2.2670496477184217,8,Branco
2.2027935198086968,3.162428805328962,6,Branco
0.5536740327085811,-0.2251077121091183,6,Branco
1.637947016070895,0.7832555426479693,5,Branco
2.329649616542399,1.5484122359980552,6,Branco
0.4361877954763821,-1.9674411574991861,7,Branco
-0.948735237349135,-0.2879891171441595,4,Branco
2.574767150116374,2.2670496477184217,8,Branco
-0.014718508785539328,-0.11514552166562347,5,Branco
0.7930779403714618,-0.8956464794429516,6,Branco
1.45486574042762,2.2176458968117614,6,Branco
0.9254451238731578,2.868973564207664,6,Branco
1.45486574042762,2.2176458968117614,6,Branco
0.9254451238731578,2.868973564207664,6,Branco
0.9254451238731578,2.868973564207664,6,Branco
2.263634695156096,2.4888936762408274,6,Branco
0.8758469484032946,-1.052248549935258,5,Branco
0.9724748310994721,-1.094851118703743,5,Branco
0.24150742441395354,-0.6422915800461879,6,Branco
0.7930779403714618,-0.8956464794429516,6,Branco
0.6629647956575944,-0.30280730859648436,6,Branco
1.45486574042762,2.2176458968117614,6,Branco
0.9254451238731578,2.868973564207664,6,Branco
-0.29820136330191316,-1.437099665534907,6,Branco
0.25448896120888476,-0.5504271293858558,5,Branco
-0.006657622542746656,-0.8405026304626931,7,Branco
-0.02551929195134435,-1.093251303431257,6,Branco
0.25448896120888476,-0.5504271293858558,5,Branco
0.7076245363677147,-1.093566345989915,5,Branco
0.9711069562563632,1.2860940899918338,6,Branco
-0.5538923310046447,-0.42359809180342767,5,Branco
0.2924188606045,-0.2420039887375439,6,Branco
0.19086231664613015,-2.317720340427406,7,Branco
-0.5538923310046447,-0.42359809180342767,5,Branco
-0.038282766506634466,-1.5082728982749738,7,Branco
0.9711069562563632,1.2860940899918338,6,Branco
0.40752862394939193,-0.13919133336703945,6,Branco
1.05274039891577,-0.9653928256210383,6,Branco
1.7384710444675948,1.3657153579873038,6,Branco
1.05274039891577,-0.9653928256210383,6,Branco
-0.049862718611289145,3.6144895022013994,5,Branco
0.45025443971929474,1.9251279507933687,5,Branco
-1.745701772248591,0.3524505275509726,5,Branco
1.660685767342511,0.784218256158745,5,Branco
1.0154718160927818,0.989689576391851,6,Branco
1.7384710444675948,1.3657153579873038,6,Branco
-0.325115753367374,0.3792854292206524,6,Branco
0.8067447162459813,-0.13010766340066368,5,Branco
-0.005751867627879938,-1.7297006626407032,6,Branco
1.907756595812144,1.24942721921399,5,Branco
-0.5979966638786587,-0.9221055020307961,5,Branco
0.0443591924045458,-0.8642295215650029,5,Branco
-0.20648361778168345,-1.6664413015059045,6,Branco
0.8067447162459813,-0.13010766340066368,5,Branco
0.7262631480976076,-0.6174429130385412,5,Branco
-0.5967453880144746,-0.7679001457503484,5,Branco
2.2827514424867554,1.3063932971790664,6,Branco
0.7262631480976076,-0.6174429130385412,5,Branco
0.7176770411991878,-0.6783448235014203,6,Branco
0.6211744096161163,-0.9633540331450902,6,Branco
0.11996875778444734,0.1801476354691739,6,Branco
-0.5967453880144746,-0.7679001457503484,5,Branco
0.1323416456223527,1.4780257701820907,5,Branco
1.020358045571795,0.5654646812971614,5,Branco
1.0939412188529605,0.622447919452582,5,Branco
0.9152756123463583,0.10407358136147483,7,Branco
0.10392968214988613,2.9178682148746127,3,Branco
2.1872742129597644,2.033688150122631,5,Branco
2.1872742129597644,2.033688150122631,5,Branco
-0.42140328673590177,-1.3069447767217133,5,Branco
-0.42140328673590177,-1.3069447767217133,5,Branco
1.237174908520221,-0.8637165461361792,6,Branco
2.1872742129597644,2.033688150122631,5,Branco
-0.4955641556712654,-1.1785336861983402,7,Branco
2.1309919035104836,1.340479753153711,5,Branco
0.873523270071375,-0.09438272229487218,5,Branco
2.5034987591437674,1.4068029881993989,5,Branco
0.035349579278920885,-1.5070625688405794,6,Branco
0.5476754274318721,-1.6036603725808765,5,Branco
0.04238382501597047,-0.3278519012293217,5,Branco
1.0152468231500371,0.411974040983377,6,Branco
0.009612099603916268,-0.347893780044903,5,Branco
0.4663045675475123,-0.2260664115495943,5,Branco
0.5276394553151939,-0.22770845220628597,5,Branco
-0.06847890866466767,-2.5606900204150382,6,Branco
0.16347458985869887,-2.4009195996819557,7,Branco
0.12270339229514388,0.28129684451725817,6,Branco
0.48571956392428267,0.1090142487319995,6,Branco
0.7115863611146523,0.46835628201482515,5,Branco
1.016677835804585,0.497573893861282,5,Branco
1.0152468231500371,0.411974040983377,6,Branco
0.04238382501597047,-0.3278519012293217,5,Branco
-0.8416137759734101,-0.11413343863345227,5,Branco
0.664485744909515,-0.21975589320510838,6,Branco
-0.6462400080301233,-1.4283069868829346,6,Branco
-0.29786817524680814,0.15610404470436412,4,Branco
-0.8416137759734101,-0.11413343863345227,5,Branco
-0.084060977124015,-0.01023619450626112,5,Branco
0.890434955324485,0.37287846179126527,6,Branco
0.5496534285687343,0.9737419199681262,5,Branco
0.23744138052560085,0.4773183789465816,6,Branco
0.23744138052560085,0.4773183789465816,6,Branco
-0.37040660238630685,0.12067457186883407,5,Branco
0.8431283338312674,0.428257488730665,6,Branco
0.4013356775613508,-0.1380111981715995,6,Branco
0.23744138052560085,0.4773183789465816,6,Branco
1.6927664814867678,0.7831622800071288,5,Branco
1.856067037503496,0.4576698135221981,5,Branco
-1.0237788104079286,-1.0182561293439598,5,Branco
2.0909758369722726,1.8739649891173322,5,Branco
2.0909758369722726,1.8739649891173322,5,Branco
0.5828224952370087,1.5876700217564637,5,Branco
0.14284189730732355,0.32519835473194025,5,Branco
1.284289538864537,1.0239801145362797,5,Branco
2.4789836264699567,1.9044896592085128,6,Branco
1.0087608782192778,-0.8435150267206709,5,Branco
1.284289538864537,1.0239801145362797,5,Branco
-0.6096282907618744,-2.0386382679039947,6,Branco
1.8799698624778407,1.5469152443726553,5,Branco
0.5980572835387075,-0.37757627847596315,5,Branco
1.0087608782192778,-0.8435150267206709,5,Branco
0.14284189730732355,0.32519835473194025,5,Branco
2.1654562600581237,3.429551825935514,5,Branco
1.2458219432368454,1.0849752973469364,6,Branco
2.4789836264699567,1.9044896592085128,6,Branco
2.1364127372922224,1.3981403533783494,6,Branco
2.0309984284067277,1.9106465267233013,5,Branco
2.0309984284067277,1.9106465267233013,5,Branco
2.0309984284067277,1.9106465267233013,5,Branco
-0.8574874616430097,-1.0545405879235825,5,Branco
2.1364127372922224,1.3981403533783494,6,Branco
2.0309984284067277,1.9106465267233013,5,Branco
-0.0839711816745496,-2.3603048975093577,4,Branco
-0.22567925732454297,-0.7896839693822664,5,Branco
0.06018678849784393,-2.2207466313976205,6,Branco
0.20160886617658158,-0.6160234766495778,4,Branco
1.8108789936050216,1.377220203053751,5,Branco
-0.203357471899857,-1.2420190046965556,7,Branco
2.0703658592997156,1.0434049930547697,5,Branco
1.8108789936050216,1.377220203053751,5,Branco
-0.203357471899857,-1.2420190046965556,7,Branco
1.6846126661511036,0.3042118944441429,5,Branco
0.56538119012609,1.5043569079073762,5,Branco
1.77092429089179,1.7208496402476203,5,Branco
-0.318414685510354,-0.43366452953486434,6,Branco
-0.7295877397206575,-1.4270733547112175,5,Branco
-0.06841461323072477,-1.5199255695756415,5,Branco
2.0416489309362906,1.8205383579847851,6,Branco
2.0416489309362906,1.8205383579847851,6,Branco
0.08465607501493481,-1.0583363100913443,6,Branco
0.6646405928033575,-0.47685091221064846,6,Branco
1.4317544141340737,0.49101393004313054,5,Branco
0.39361243475817054,0.04707391475199475,6,Branco
1.4317544141340737,0.49101393004313054,5,Branco
0.7394487985655005,-0.7557588514093134,5,Branco
0.9886109791474436,1.7870459326171433,5,Branco
0.8157488794795067,2.061234907854693,5,Branco
0.8157488794795067,2.061234907854693,5,Branco
2.722585535816588,2.24794575249859,5,Branco
-0.6965855333191923,-1.5274176636583472,7,Branco
1.4773706805443054,1.2169257722680185,6,Branco
1.5295728045502623,0.6940762615691863,6,Branco
0.426525823922157,-0.028164172054185036,6,Branco
1.0944800463797568,0.5379948486371566,5,Branco
0.9886109791474436,1.7870459326171433,5,Branco
0.3547126852815802,-1.4904537486115417,6,Branco
0.46647901557246063,-2.03436016694227,6,Branco
0.8157488794795067,2.061234907854693,5,Branco
-0.3203575982646278,-1.0303077968311172,6,Branco
-0.1285413117127539,-0.4788605732558984,6,Branco
-0.768421221744668,2.7654633794528674,4,Branco
1.3038334609447286,0.5063566333890095,5,Branco
-0.23755738492371203,-1.4199636644566693,4,Branco
0.46400391753391595,-1.2351158221687621,6,Branco
-0.8167271849577842,-0.826242054886723,6,Branco
-0.4824675544008222,-2.870312243374344,4,Branco
0.4903736448652687,-0.4583729129680045,6,Branco
-0.2520875496879786,-2.2938289789262782,7,Branco
-0.812764529441718,1.4748848283450406,6,Branco
0.46400391753391595,-1.2351158221687621,6,Branco
2.4998967068070015,1.1966318979908788,5,Branco
-0.06823690099360875,0.13949971652417675,5,Branco
-0.06823690099360875,0.13949971652417675,5,Branco
2.519674458317527,1.973945354000622,7,Branco
2.519674458317527,1.973945354000622,7,Branco
2.519674458317527,1.973945354000622,7,Branco
2.519674458317527,1.973945354000622,7,Branco
2.519674458317527,1.973945354000622,7,Branco
0.1289877221567179,0.16478627286226338,5,Branco
1.9443181952851865,2.863478206614089,5,Branco
2.519674458317527,1.973945354000622,7,Branco
2.3730744025117083,1.947698396226186,7,Branco
0.1289877221567179,0.16478627286226338,5,Branco
0.27502316616304995,0.1158916274431799,7,Branco
1.9443181952851865,2.863478206614089,5,Branco
-0.15935758393891908,-0.7578445878074823,6,Branco
0.4428183268007558,1.496002910722512,6,Branco
0.36335292073411396,-1.0884766620347237,6,Branco
1.1588773165122375,0.4852870815140914,5,Branco
0.997039970612073,0.005648790196147834,5,Branco
0.4814223705523733,0.013075863603722676,6,Branco
0.7315822306982565,1.0228884373856728,7,Branco
-1.576200341718257,1.7987479631330734,5,Branco
0.07657735681619668,-0.5500306040721119,5,Branco
0.4521941365951218,0.41928509418639703,6,Branco
1.6185873904176653,1.4070319880214202,6,Branco
-0.22414803082078288,-1.8007055792640072,6,Branco
1.4094372095372423,1.5526411741964983,5,Branco
0.39883706658243634,0.8918749933183363,6,Branco
1.6185873904176653,1.4070319880214202,6,Branco
0.4521941365951218,0.41928509418639703,6,Branco
0.07657735681619668,-0.5500306040721119,5,Branco
-0.12487910782740695,-2.2263428691107525,6,Branco
0.38557703946456645,-2.1266690609982866,6,Branco
1.625785065855349,0.7026862326738355,5,Branco
3.086299578742779,1.3353869105785545,6,Branco
0.7439872639140532,0.7198808157301685,5,Branco
-0.0514710496060501,-0.5580536985949759,6,Branco
1.625785065855349,0.7026862326738355,5,Branco
0.0063934536915028605,0.08341861421610265,5,Branco
0.05688198961446102,0.10565591523223487,5,Branco
0.5870276780800127,1.3071846120230124,5,Branco
1.096089841884216,0.5027377420278047,6,Branco
0.4320413840787664,-1.081774891627982,7,Branco
-0.09268770674376972,-1.5897373198183353,5,Branco
-0.36419902603767457,-1.5123211036024655,6,Branco
0.8637384852094847,-0.187829223931651,7,Branco
-0.6612779817663745,-0.5696129153976508,6,Branco
-0.36419902603767457,-1.5123211036024655,6,Branco
-0.7735484352047111,-0.7736662479655393,6,Branco
-0.09268770674376972,-1.5897373198183353,5,Branco
1.463554994652616,1.6479761311649048,6,Branco
-1.0051672907475244,-0.14229919046531633,5,Branco
0.09021791937461428,-0.895782615479536,6,Branco
0.17417994141706528,0.04820871030238881,6,Branco
0.8496594633174454,-2.657350005452175,7,Branco
0.9499702605692798,-0.9920445734199127,6,Branco
1.463554994652616,1.6479761311649048,6,Branco
0.45315533813084397,0.5171011267215567,7,Branco
1.6032800136821785,1.0753249382969479,6,Branco
0.45315533813084397,0.5171011267215567,7,Branco
1.7098656423994654,2.1423643834948094,4,Branco
2.550985457112968,2.3630801819901253,5,Branco
2.727758987514981,2.3963632965831594,5,Branco
1.7179657134910273,1.4949554310387747,7,Branco
1.588000807446333,-0.5495183984950119,6,Branco
1.7179657134910273,1.4949554310387747,7,Branco
1.588000807446333,-0.5495183984950119,6,Branco
-0.054097604987666505,0.3230986928006852,6,Branco
-0.32820684879291584,-0.20444600721253953,5,Branco
-0.5785400313209237,0.7973403753112713,5,Branco
0.0431506641178419,0.9454616999829921,6,Branco
1.5637318478778226,0.6156551462011011,5,Branco
1.5959296746514966,1.6927425366507525,4,Branco
0.9136082754079128,-0.9369406428318738,6,Branco
0.0431506641178419,0.9454616999829921,6,Branco
1.3565786780194966,0.8780043371256964,5,Branco
1.5637318478778226,0.6156551462011011,5,Branco
1.8936494379611941,1.9352849329034185,5,Branco
1.061180885307094,0.9607280528101834,5,Branco
1.697000347772905,1.4984306376402412,5,Branco
0.7977564976957567,-0.4500245198910667,7,Branco
1.5959296746514966,1.6927425366507525,4,Branco
0.9136082754079128,-0.9369406428318738,6,Branco
-0.32549479051194224,-1.1599218695336622,6,Branco
1.5882694875195416,0.5736408329874383,5,Branco
2.1760745341594143,4.181823760651986,6,Branco
-0.47635252078094187,-0.9106879826207184,7,Branco
1.4134065104311409,0.6977488213064089,5,Branco
1.5882694875195416,0.5736408329874383,5,Branco
1.3806966711323148,-0.9997885363006261,6,Branco
0.1971177437959208,-0.5833993250059256,6,Branco
0.4010604532708388,-0.6076071199933917,5,Branco
-0.5006771841363638,1.6235538840429855,6,Branco
1.5911910357711103,1.5580481510654396,5,Branco
-0.5006771841363638,1.6235538840429855,6,Branco
1.5911910357711103,1.5580481510654396,5,Branco
0.18411856828551365,0.2798129391242761,6,Branco
-0.6295243619053509,-1.2084971427420061,6,Branco
1.9319289116481364,1.922194263993706,5,Branco
1.0238256119586893,0.9041962306112183,6,Branco
1.9319289116481364,1.922194263993706,5,Branco
0.29445519622772964,0.45417143600594523,5,Branco
1.0238256119586893,0.9041962306112183,6,Branco
1.1783487822670424,0.24616974159742727,6,Branco
2.0400356916363678,3.4046032504946937,6,Branco
-0.4805477274575119,-0.7782259005556144,7,Branco
1.5270005364246477,1.0486615728144035,6,Branco
0.6010308233141154,-0.6273659873271193,6,Branco
-0.7099798343952718,-0.2157950070609407,5,Branco
-0.4805477274575119,-0.7782259005556144,7,Branco
1.9225866693961393,2.226182961342828,4,Branco
1.9888498340187064,0.4896067823826953,6,Branco
-0.1736794296481063,-1.5922515074371248,6,Branco
1.9888498340187064,0.4896067823826953,6,Branco
-0.0400166703477752,1.784138997462721,5,Branco
-0.8251199026340906,-1.4239600396843899,6,Branco
-0.99853677710732,-1.592737131748434,6,Branco
2.366445639310945,2.485166326263356,5,Branco
2.366445639310945,2.485166326263356,5,Branco
2.366445639310945,2.485166326263356,5,Branco
2.366445639310945,2.485166326263356,5,Branco
-0.12726194780891617,1.2038450356096222,5,Branco
-0.12969208726401857,1.2390405912222282,5,Branco
2.366445639310945,2.485166326263356,5,Branco
-0.3893951923018824,-1.457976340131596,7,Branco
-0.8943958681877904,-0.904752829259597,7,Branco
0.5416125848388977,-0.1710784387780086,6,Branco
1.0696104563319266,-0.6559005721273075,6,Branco
-0.3893951923018824,-1.457976340131596,7,Branco
0.09474849352517886,-1.4274505596292053,7,Branco
1.2580956814871977,0.16264879058494938,6,Branco
1.116100081995748,-0.09073890347631076,7,Branco
2.480282280532614,1.1772688980608907,6,Branco
-0.6019684173506407,-2.685269085441852,8,Branco
0.09474849352517886,-1.4274505596292053,7,Branco
-0.1292246034454709,-2.131729058958124,7,Branco
0.644632892258945,1.0229433052717867,5,Branco
1.858784588886958,0.4471057625717574,5,Branco
0.3309813451378613,1.2194344578002194,5,Branco
-0.038813479965230234,0.1071343113558727,6,Branco
0.4990084052303233,-1.6546802968999168,7,Branco
-0.2725875884082562,-0.6982858254031431,5,Branco
2.4050697579950016,2.0989212260571235,5,Branco
0.18729834801057457,0.8350314693604681,5,Branco
-0.24928203784678243,-0.48331950089124365,6,Branco
2.4050697579950016,2.0989212260571235,5,Branco
0.6945149894068844,-2.1240351832911935,7,Branco
0.18729834801057457,0.8350314693604681,5,Branco
-0.9883826765657858,-2.25412900159659,7,Branco
1.099892842975382,-1.7512791560520917,6,Branco
0.2164493741156628,0.6673171533116673,6,Branco
0.3906089956611815,-1.9586293988113823,7,Branco
2.1433296249000677,1.9828871728147333,5,Branco
2.3420815115254294,2.1421361931129725,4,Branco
-0.7357435624341999,-2.5933105487846952,7,Branco
0.6950157856759166,-0.2312383544136996,6,Branco
-1.0837616283824831,-1.7970618191480505,5,Branco
-0.617969536381656,-1.239895116307603,6,Branco
0.22349691767603105,-0.7256207551918095,6,Branco
1.6431979381892214,0.5874720819421351,5,Branco
-0.38526403323208064,-0.8531548996207935,6,Branco
1.3138934210851958,0.9908180561504788,5,Branco
-0.38526403323208064,-0.8531548996207935,6,Branco
1.3138934210851958,0.9908180561504788,5,Branco
0.4679058826122125,0.26393444052262854,5,Branco
0.9608061814867174,1.9071059746937766,6,Branco
0.9792697136141306,-0.8786441451139435,5,Branco
1.0465271729880155,1.2353070649607432,6,Branco
0.13472009052258618,-2.434425646239818,8,Branco
4.238099219023657,3.2310749647234935,5,Branco
0.9629554121667203,1.1630701723220576,5,Branco
2.4976021074235364,-0.016230922916368684,5,Branco
1.9347781806821263,1.6204297047379783,4,Branco
0.407888444217213,0.9772639961515244,5,Branco
0.07430787635771624,0.1860738163642511,6,Branco
-0.3060712092867768,0.17970107113583614,6,Branco
0.407888444217213,0.9772639961515244,5,Branco
-0.6521440158277038,-1.397551895391411,8,Branco
0.6408928738477363,-1.3408285011036853,5,Branco
0.07430787635771624,0.1860738163642511,6,Branco
1.835848594415423,1.1876038677670497,6,Branco
2.6118219506903313,2.224116605304591,4,Branco
0.14511052184745227,-0.9898180689403347,6,Branco
-0.43478151865354436,-1.1593266675358604,6,Branco
-0.5170224498936037,3.018340934388434,5,Branco
1.197521238246757,1.6594500328114412,5,Branco
2.073868252313915,1.6006015976360923,6,Branco
0.502968109961537,-0.2802390928048433,6,Branco
0.17969888151971858,-1.3406795177379824,7,Branco
-0.5586257035449659,-1.8280811218864395,6,Branco
-0.3013060010099318,-1.4933668409479277,7,Branco
-0.12437274669012749,-0.6049522780370619,6,Branco
-0.19681961237184195,-1.2374400133795895,5,Branco
2.2766443931229436,2.08594038113713,5,Branco
-0.5564568686725182,0.8610524683340078,5,Branco
0.6323166234406618,1.1090339741380832,6,Branco
-0.5360772624887694,0.527598587124957,5,Branco
0.5441554968055163,-1.402123203809925,6,Branco
1.674618244057524,0.964373487190477,5,Branco
0.4397699858751815,-0.14106983722354338,5,Branco
-0.25059474372744406,0.30851748895975556,5,Branco
1.7698221132841732,1.5698932773047491,5,Branco
1.4428845341441385,1.1351383912302286,6,Branco
2.4583533377820044,0.9935292620249714,6,Branco
0.5475801049956808,-1.2239174633863206,6,Branco
0.1817737947376899,-0.9943399881349582,7,Branco
1.5891238785268809,1.6429007961856332,5,Branco
-0.6582245192857638,-2.2908234773493277,4,Branco
-1.3417435287043387,-0.6276076218159253,3,Branco
1.1711173661211849,-1.88093906831137,6,Branco
0.6045042262893594,-1.7692478909730105,6,Branco
1.1711173661211849,-1.88093906831137,6,Branco
0.29967409668608275,0.21855586157266796,6,Branco
3.0295048531339908,3.740578758413352,5,Branco
-0.3795946894514429,-0.0310535936606724,4,Branco
-0.3628709951776897,0.030605902902138438,4,Branco
0.4115336023178372,-0.07582381649134096,6,Branco
0.2658261394330249,-0.9778115032854285,8,Branco
-0.03734984766420061,-1.1733390053875519,6,Branco
0.2658261394330249,-0.9778115032854285,8,Branco
2.862700203095517,2.447245265796104,5,Branco
0.2714161366616673,-0.41118716270053357,4,Branco
0.25618195276069794,-0.4051529446515615,4,Branco
-0.2237777334109811,-1.401363316326663,4,Branco
-0.9491122694606138,-1.9378278758752665,8,Branco
-0.04400377707988326,-1.276500715833903,8,Branco
0.8478515673324809,0.2726334043708442,6,Branco
0.565101850271781,-0.09887446649384612,7,Branco
0.5814410874973287,-0.0752803858405589,6,Branco
2.0677129636117932,2.3777876001354814,5,Branco
0.13335676532196353,0.008384964174304442,5,Branco
1.6310517787372836,3.1038513269004078,5,Branco
0.2277220110525063,-1.8789524143016003,6,Branco
-0.3348105309924904,-1.5247489339731082,6,Branco
-0.9722084591792508,-1.598865662466978,6,Branco
-0.5854821885508864,0.7132478745479915,4,Branco
-0.11746245819461269,0.5048574603639253,4,Branco
2.2063300820302865,0.9400031125751438,6,Branco
-1.173711396771913,-0.6298225770240955,6,Branco
-0.1233326303904417,1.2972508125386724,5,Branco
2.094287459376264,0.48013206681533277,5,Branco
-0.6755616262338697,-1.6710125883732216,6,Branco
-0.31954250805686885,-0.6214862895014371,6,Branco
1.0034124038742198,1.8266969878263013,5,Branco
-0.31803698635013516,-0.5971030448020881,4,Branco
1.1859487193003102,0.3038867836256142,6,Branco
2.616419210739653,2.89532399231757,6,Branco
0.7188653100781636,1.2767915596937423,4,Branco
-0.31803698635013516,-0.5971030448020881,4,Branco
-0.3170341907414996,1.2117644293111804,4,Branco
0.025254904421799864,0.08417187742121698,5,Branco
1.1532311090318983,0.27268302041633363,6,Branco
0.6212598814067166,1.602852496854692,5,Branco
-0.16154310682331613,-1.0494557570057221,5,Branco
2.61843328743544,2.856645723169539,5,Branco
0.08507242827462791,-1.402989339736122,7,Branco
2.144423852345817,1.3317165321707958,5,Branco
-0.37318304913716854,1.287470444020192,5,Branco
-0.5686682529864403,-0.4208594674039155,6,Branco
-0.37318304913716854,1.287470444020192,5,Branco
-0.5686682529864403,-0.4208594674039155,6,Branco
0.5760746206943094,-1.3913204133172286,6,Branco
2.139951799717978,1.057780741267936,6,Branco
0.5760746206943094,-1.3913204133172286,6,Branco
2.139951799717978,1.057780741267936,6,Branco
2.0997151926823543,0.41755755836462816,5,Branco
1.6286533558231608,0.29827901414009156,5,Branco
2.108828670296981,0.4604537602425667,5,Branco
2.503184349178743,2.280569698161012,6,Branco
2.7188538383574534,3.0292628139246336,6,Branco
0.3024044967255252,-0.16877539753094525,4,Branco
0.9844929047674204,0.8901054392232374,5,Branco
0.6131120907884754,0.23969656058431552,6,Branco
0.9844929047674204,0.8901054392232374,5,Branco
0.09772405528248057,1.1330678280873965,6,Branco
0.1443597965986663,1.0433203676923588,5,Branco
-0.7659657711600709,-0.8457999147565378,6,Branco
1.9596669876582766,2.151926810295489,5,Branco
1.1391403853762352,-0.15370632933806436,5,Branco
1.9596669876582766,2.151926810295489,5,Branco
1.0296727890710249,-0.13253006150729071,5,Branco
1.057216824778866,-0.16837374691789628,5,Branco
0.0034093547755693907,0.2256498596213113,6,Branco
-0.5445899785724693,-1.111214496843512,6,Branco
0.8682021491490278,-0.655155170603002,6,Branco
0.46332158012833075,0.7108785202634261,5,Branco
0.46332158012833075,0.7108785202634261,5,Branco
0.27479852619927264,-1.3997768065199525,7,Branco
0.26408018891268925,-1.6556323810002826,6,Branco
2.127703170691663,2.3305664307140797,5,Branco
1.744115233897601,1.445522785522413,6,Branco
0.6762364089999043,0.558510391549282,6,Branco
0.6762364089999043,0.558510391549282,6,Branco
1.744115233897601,1.445522785522413,6,Branco
1.4699623919239304,1.7303247735269836,5,Branco
1.4699623919239304,1.7303247735269836,5,Branco
-0.3996808301778362,0.36048139527328543,5,Branco
-0.3498760634902246,0.36896017459514385,5,Branco
0.9699088242282037,0.6749117511285054,7,Branco
0.6263072112997892,-0.4123500929147664,5,Branco
2.723232379923992,2.6301377092481775,5,Branco
2.6882689620274083,2.606965873250679,5,Branco
-0.03363706214632585,-0.45228735291971695,6,Branco
0.3327491824697779,-1.7856142070897638,6,Branco
-0.0506392355336427,-0.7045118733455217,5,Branco
0.7589989310975752,0.2869803273910027,5,Branco
0.5858099350147673,-1.766792280571965,7,Branco
0.13247526596784845,0.27752741389816027,6,Branco
1.1754913981529969,0.7296340590283176,6,Branco
-0.3186793981226558,-2.13791819173076,7,Branco
-1.4047022645408647,0.051271773888851305,5,Branco
0.5827365938986395,1.171661067040749,6,Branco
-0.3186793981226558,-2.13791819173076,7,Branco
2.377734833826988,0.6204145779143471,6,Branco
0.7577759186491728,1.1424651317657961,6,Branco
-0.5247557021977486,-0.7129779160016508,5,Branco
1.5923634785695986,0.1614131626080511,6,Branco
2.1461241576667525,0.4570254135095366,6,Branco
2.377734833826988,0.6204145779143471,6,Branco
1.7808552325012228,0.6736558795525959,5,Branco
1.8921154207445794,0.907349283274846,6,Branco
1.2536887967700425,1.4982004746623194,5,Branco
0.125661424467355,-1.4829472707036266,6,Branco
0.125661424467355,-1.4829472707036266,6,Branco
1.9628244590249162,2.0881062882011614,6,Branco
-0.8079743403903651,1.0151273410143709,6,Branco
1.7814466027824785,0.11038209553248668,5,Branco
1.9628244590249162,2.0881062882011614,6,Branco
0.5514046308365302,1.4836289450430282,4,Branco
0.5514046308365302,1.4836289450430282,4,Branco
1.1464543335179358,-1.123181016629517,5,Branco
0.3172445527240534,0.43110024174120276,5,Branco
1.7104702370201192,2.2484114605290557,5,Branco
1.7104702370201192,2.2484114605290557,5,Branco
1.0322064327885239,-0.7652921922237647,6,Branco
1.7104702370201192,2.2484114605290557,5,Branco
1.5537282449099927,0.34925050149304976,5,Branco
-0.5894353072981142,0.5198572736234595,4,Branco
-0.5894353072981142,0.5198572736234595,4,Branco
1.0315151925794064,0.706864186940885,6,Branco
1.2738536842422385,2.3080055463816485,6,Branco
2.2249466222641607,0.532646086653322,6,Branco
0.36122857650351203,-1.7169613175496026,7,Branco
1.7299750684656832,0.6415900895902722,6,Branco
0.452824204686355,2.1444702375247022,5,Branco
2.0160372786826857,0.673351941289871,6,Branco
2.598870801684555,1.5512219290671925,6,Branco
-0.13310028855626893,-1.72146652970064,6,Branco
0.15685173048637988,-0.6506411066313875,5,Branco
0.34352047361047644,-1.8247596307426852,7,Branco
-0.16529060525140593,-2.1776150366981897,7,Branco
0.35112575344597685,-0.05767475714868656,6,Branco
1.948635314272415,1.5213002773338165,6,Branco
-0.16529060525140593,-2.1776150366981897,7,Branco
2.846646993564728,1.0143810868400358,5,Branco
0.9705531913069116,1.8496433561259078,5,Branco
0.37841093936819903,-1.8908280774420914,7,Branco
0.7516115539986846,0.6104664807413158,8,Branco
1.009785386575746,-0.7050499365400565,5,Branco
0.9705531913069116,1.8496433561259078,5,Branco
0.7516115539986846,0.6104664807413158,8,Branco
0.37841093936819903,-1.8908280774420914,7,Branco
0.22536342245693167,-0.7507823201471145,6,Branco
0.26930264436246243,-0.9143284699494267,6,Branco
0.7984801530958116,1.17927117541885,5,Branco
0.7789483296837217,-1.4459303992669181,6,Branco
0.22046123663923736,0.35493111347593737,4,Branco
0.22046123663923736,0.35493111347593737,4,Branco
2.10217027727262,-0.20932298261567012,5,Branco
-0.08471711585431027,-1.302700708008332,7,Branco
0.5972188989453734,0.4148229654914739,6,Branco
1.2067858308873016,1.434292514739529,6,Branco
1.009568342032116,-0.2177444736883259,6,Branco
1.009568342032116,-0.2177444736883259,6,Branco
-0.26678705179421813,-1.5685486170324385,5,Branco
1.3171048650258106,1.2154685813416473,5,Branco
0.5972188989453734,0.4148229654914739,6,Branco
0.8271649783238809,0.9342402786581546,5,Branco
1.2067858308873016,1.434292514739529,6,Branco
-0.008629647688631626,-1.2364247118396454,6,Branco
0.009769115540851686,-1.4335875748097708,6,Branco
0.3176723169403739,0.8188518547336044,5,Branco
0.23831504448010063,-0.19361569325571432,5,Branco
2.3443290492323356,0.6684385803746383,6,Branco
2.4505096060208857,2.7451721757191776,5,Branco
0.23831504448010063,-0.19361569325571432,5,Branco
2.3443290492323356,0.6684385803746383,6,Branco
0.6017417750587716,1.1731056719492414,5,Branco
1.3458737745541653,-1.2328320068828427,7,Branco
1.4070814883344864,-1.127079378403296,7,Branco
1.3458737745541653,-1.2328320068828427,7,Branco
2.6916099006175944,2.428784421918428,5,Branco
1.4070814883344864,-1.127079378403296,7,Branco
1.3458737745541653,-1.2328320068828427,7,Branco
0.5455642888851809,-0.16169921999078612,5,Branco
-0.11906851790937274,-1.6559782522106938,6,Branco
1.096725030622452,0.9075932250008616,5,Branco
-0.11906851790937274,-1.6559782522106938,6,Branco
0.5455642888851809,-0.16169921999078612,5,Branco
0.5298304135268943,-1.179154612579439,6,Branco
2.623075236577303,2.1780330055287256,5,Branco
-0.19162052570900062,-2.6122435930605445,7,Branco
0.554193186763445,-1.8489775329640683,5,Branco
2.2092931616669693,0.6722567120173688,6,Branco
0.43780350578293503,-0.04087198005829305,6,Branco
0.554193186763445,-1.8489775329640683,5,Branco
0.2485360637383949,-2.589369179503921,6,Branco
-0.702507034262771,-1.3173717102712368,5,Branco
1.201487280947649,-4.327232557370389e-07,5,Branco
1.420230902068409,-0.7711797695359877,5,Branco
3.5387108075285068,1.3620249980451535,6,Branco
3.060208250245774,1.0195017292376924,5,Branco
2.480800193379644,0.680113084600781,5,Branco
0.2189753229362946,-3.097337860932274,7,Branco
0.41834921943430997,0.9356825074441175,6,Branco
1.6026789669779817,2.0444957397349195,5,Branco
1.5102659121816213,1.79510613361037,7,Branco
1.5102659121816213,1.79510613361037,7,Branco
1.5102659121816213,1.79510613361037,7,Branco
1.5102659121816213,1.79510613361037,7,Branco
1.5102659121816213,1.79510613361037,7,Branco
1.5102659121816213,1.79510613361037,7,Branco
0.32339644418076136,-1.5372550460337613,6,Branco
1.5102659121816213,1.79510613361037,7,Branco
-0.8677584853758876,0.09858219242686646,4,Branco
1.7256849398156218,0.5547361363618101,6,Branco
-0.1839987774772602,0.10210842437308372,7,Branco
0.12861863397807902,-0.8306363417922659,5,Branco
1.9455477431009993,-0.1739681972309425,5,Branco
-1.8143714927883239,-2.7040446362402637,7,Branco
-0.37453469351059904,-0.4278972689516107,5,Branco
0.4320324228873697,0.23751294242161908,5,Branco
0.7286676729507217,-1.9584827033716796,6,Branco
0.4320324228873697,0.23751294242161908,5,Branco
2.028645103670169,2.059431335645556,6,Branco
0.7808366122695759,-1.2719634816963727,7,Branco
2.469169326616684,1.5322197738702485,5,Branco
0.7286676729507217,-1.9584827033716796,6,Branco
-0.04195250575178781,-1.5296384016078515,7,Branco
-0.04195250575178781,-1.5296384016078515,7,Branco
-0.7897481867946002,-2.8843255251100954,6,Branco
0.26584578571548295,-1.0022167151144739,6,Branco
1.7085771423822764,0.5362950758558602,6,Branco
2.205246230423985,0.21480723891668807,6,Branco
-0.7897481867946002,-2.8843255251100954,6,Branco
1.6121405127678128,1.4780911012961204,5,Branco
2.429270662432604,0.8076082291730136,5,Branco
-0.04195250575178781,-1.5296384016078515,7,Branco
1.373301438659308,1.1176883816589327,5,Branco
-0.07453253686373137,-2.472811254650356,5,Branco
1.4180287786442418,1.0209110426955534,7,Branco
1.4180287786442418,1.0209110426955534,7,Branco
1.4180287786442418,1.0209110426955534,7,Branco
1.0420323417760056,-1.9663841449881452,7,Branco
0.7816705016311015,0.636209624960856,6,Branco
2.3980584249011985,2.3586768971902212,5,Branco
1.373301438659308,1.1176883816589327,5,Branco
1.0420323417760056,-1.9663841449881452,7,Branco
1.4180287786442418,1.0209110426955534,7,Branco
-0.07453253686373137,-2.472811254650356,5,Branco
2.6867520193893863,-0.7211075592031507,5,Branco
0.02264757434817231,-0.8605247061527063,7,Branco
0.4995783939064785,-1.3000719849959386,7,Branco
1.6308088959647213,0.09419475698621144,6,Branco
0.5698931231546502,-1.827286145343991,5,Branco
-0.0820560099095328,-1.8518921001055875,6,Branco
0.5086814601321863,-2.317842133531259,7,Branco
2.1467832373915536,2.38464855451483,5,Branco
1.8235016384709348,1.2794592652993249,5,Branco
1.2778708697082202,3.950894413834464,5,Branco
-0.6970306170529386,-1.9028263955737212,6,Branco
1.8235016384709348,1.2794592652993249,5,Branco
1.2778708697082202,3.950894413834464,5,Branco
0.48760079452366123,-1.8364360582773676,6,Branco
0.01916646649252704,-0.9836015534607068,6,Branco
-0.1404451410834485,-1.5752437703155744,6,Branco
2.758809474543242,0.43592876457842394,5,Branco
-0.8440098502808991,0.8294701516865048,5,Branco
0.08628642988292307,0.13411233059094788,5,Branco
1.5414640759750662,1.0905408124835407,6,Branco
0.8713977699629099,-0.679217179174518,7,Branco
-1.3868442090330082,-1.9572780606704172,7,Branco
1.0386369520453473,-1.0893101969706962,5,Branco
1.0046333163082182,0.9712475207826372,6,Branco
1.5414640759750662,1.0905408124835407,6,Branco
1.0637521905554785,1.0152255468886293,5,Branco
-0.3909936206850108,0.05082732752644165,5,Branco
0.840403435971624,-2.7022544325635964,7,Branco
1.7470936400660342,1.3510627551634902,5,Branco
2.1027840199033294,1.3280867633474098,5,Branco
1.9439101499175804,0.0012036199223456332,5,Branco
1.327432546027902,0.43965592378732643,4,Branco
0.6768052670094483,-1.2297231851478998,7,Branco
2.047204520414999,1.1741889912467254,7,Branco
0.028088551847298915,-2.5425578857250226,6,Branco
0.9331773469052866,0.7902543008707892,6,Branco
0.7405717007026974,-1.2214213763101631,6,Branco
0.44952409307317326,-0.9704487398908406,6,Branco
0.11413938265342398,-1.7059545958432025,8,Branco
0.6212994751747457,-2.127320255357223,7,Branco
-0.4094272214744995,1.3925303556161295,5,Branco
0.4700802977712516,-3.1503730124501024,7,Branco
0.47268308784764795,-1.907363929719685,7,Branco
-2.361547416287448,-0.27214662496080766,6,Branco
1.671701624643347,0.7968631668388637,5,Branco
0.4700802977712516,-3.1503730124501024,7,Branco
0.5385014150700965,-3.20124064015959,7,Branco
1.9177178428550088,0.9764100243846094,7,Branco
-1.3415777723631248,-1.8503898277524535,6,Branco
0.1467483316549324,-0.056406019733896126,7,Branco
0.2109632737477194,-0.07174672463694541,7,Branco
0.15822084639503795,-1.2779646788202752,6,Branco
1.192453670134338,-2.39258066972526,6,Branco
0.22380638911247006,-0.7261998054718839,5,Branco
0.7493275341822214,0.6350254613396882,6,Branco
1.2879401277525773,-2.3552868605874213,6,Branco
1.5935906515309346,1.7364826863599399,6,Branco
0.4243877465820386,-0.8151469993132568,6,Branco
0.22380638911247006,-0.7261998054718839,5,Branco
0.456380779374772,-1.8215518624406266,6,Branco
0.7560132842565634,-1.6580837117076621,7,Branco
1.2879401277525773,-2.3552868605874213,6,Branco
2.194862815680547,0.7400343140289958,5,Branco
1.5935906515309346,1.7364826863599399,6,Branco
0.7493275341822214,0.6350254613396882,6,Branco
0.23460862089149398,-0.10559830981726741,6,Branco
1.0234146197702545,-0.7381079478405008,6,Branco
0.5755998953513857,-0.7141129092544363,6,Branco
0.2578038014048472,-1.1226089992606825,6,Branco
1.0234146197702545,-0.7381079478405008,6,Branco
1.166683064369686,-1.5154231145026618,6,Branco
2.603560231714784,2.414551421833041,6,Branco
-0.045216205902479024,-1.1899688129374089,5,Branco
0.5755998953513857,-0.7141129092544363,6,Branco
0.23460862089149398,-0.10559830981726741,6,Branco
-0.9381592086272693,-1.4711860965007049,7,Branco
2.0852612203972405,1.8041193303239107,5,Branco
2.0852612203972405,1.8041193303239107,5,Branco
2.0852612203972405,1.8041193303239107,5,Branco
1.5616782084001342,1.6776126267229605,6,Branco
1.4321596218035717,1.7043761299534188,6,Branco
2.0195757190441324,1.6304217057042847,6,Branco
2.0852612203972405,1.8041193303239107,5,Branco
2.1176512414760698,0.7976430735058775,6,Branco
1.903674512004457,2.715213813758663,5,Branco
1.903674512004457,2.715213813758663,5,Branco
0.03929131591018204,-1.7380902339600643,5,Branco
2.003089922542851,0.6798804584033569,5,Branco
2.1176512414760698,0.7976430735058775,6,Branco
2.097112148032904,0.7510132318257708,6,Branco
1.236023229654407,0.6332128012692396,6,Branco
1.903674512004457,2.715213813758663,5,Branco
2.081686597994457,-0.038464667487707264,6,Branco
-0.26904874623315306,-1.6833162520273486,6,Branco
2.0837162246450753,-0.6101161565393451,6,Branco
0.3648159951064021,-1.8348479174733265,7,Branco
0.9032955479680167,3.0203709206019056,5,Branco
-0.4490273520952143,-1.3583114421084959,7,Branco
-0.32554164119834406,-0.9358307795087346,6,Branco
2.0837162246450753,-0.6101161565393451,6,Branco
2.4661869990590297,1.026729249851265,5,Branco
0.1700796378743257,-1.3178518875910834,6,Branco
0.8948812086849638,-1.3810552936611127,6,Branco
2.952198216643283,1.138003508550485,6,Branco
-0.7381012287079664,-1.7750084612973505,7,Branco
1.1331148675892382,1.254738851789749,5,Branco
0.2934679509296237,1.5978435398012225,5,Branco
-0.6246609909566477,0.051116718512867955,5,Branco
-0.7381012287079664,-1.7750084612973505,7,Branco
1.3491287810195423,0.34596970346069483,6,Branco
2.952198216643283,1.138003508550485,6,Branco
0.8948812086849638,-1.3810552936611127,6,Branco
0.626296230356243,0.4024593627163308,7,Branco
0.37127300650925565,1.5402011474665356,5,Branco
0.15292469960191019,-2.0129141264605668,7,Branco
2.1201008624602484,0.8083724392457065,6,Branco
0.37127300650925565,1.5402011474665356,5,Branco
0.46040027066331257,0.652640226861925,6,Branco
-0.320334004457676,-1.3639810052508947,6,Branco
-0.320334004457676,-1.3639810052508947,6,Branco
-0.7406448200045055,-2.3819727910670685,7,Branco
0.8927014675536373,-0.9813321511278355,6,Branco
1.2906106509801567,1.282862203710102,6,Branco
1.559313374607851,-1.5023499570210006,8,Branco
1.2906106509801567,1.282862203710102,6,Branco
1.559313374607851,-1.5023499570210006,8,Branco
0.218082000536432,-1.9166650978838207,6,Branco
0.005479901144641743,-1.7623868625402834,6,Branco
-0.5399790101690255,-2.9114205610547823,8,Branco
-0.28569939948835216,-2.51275340571476,5,Branco
1.199755533771517,0.934745922365049,5,Branco
1.6477520936899963,2.112478512692977,6,Branco
0.40716076866427087,-0.6821478526524182,5,Branco
0.4442565900368755,-0.5694906570279357,6,Branco
0.4205009677831701,0.39927618533902753,6,Branco
0.513386853932631,0.39592234047137975,6,Branco
1.0501967885467638,-0.17238522556884792,5,Branco
-0.11464596901694159,-0.990382824413267,5,Branco
-0.48830397271074305,-1.931919236055499,6,Branco
1.9616816165922073,0.8262247795918677,6,Branco
0.9189379078354618,-0.8975038206011364,6,Branco
0.618341451349209,-1.8469956115100994,6,Branco
1.9616816165922073,0.8262247795918677,6,Branco
-0.48830397271074305,-1.931919236055499,6,Branco
-0.11464596901694159,-0.990382824413267,5,Branco
1.6986920442494906,2.3050623193933233,7,Branco
-0.5891630016422346,-1.3846747500207188,6,Branco
0.8596108784024915,-3.010532982649145,7,Branco
-0.6266719457111976,-1.443781416196746,7,Branco
1.1915422308236798,-0.6046747734924576,8,Branco
1.1915422308236798,-0.6046747734924576,8,Branco
1.2194223091190115,-0.5403042914952769,8,Branco
-0.20524984258219692,-1.1708275719577177,6,Branco
-0.6266719457111976,-1.443781416196746,7,Branco
0.9159146785802234,-1.909626551901183,5,Branco
-0.42668035279234656,-2.6547353933590556,5,Branco
1.496985028423749,13.469057425911824,6,Branco
1.0699067981904111,0.33405789714276735,6,Branco
1.1098949885184703,0.3721958299541103,6,Branco
1.1098949885184703,0.3721958299541103,6,Branco
1.798800725390471,2.5140754569581993,5,Branco
-0.030518333451407836,-0.6316505570853208,6,Branco
1.798800725390471,2.5140754569581993,5,Branco
0.9730539170281769,1.0595845920758857,5,Branco
1.0667135427945993,1.0671506036957212,5,Branco
1.0699067981904111,0.33405789714276735,6,Branco
2.3283452342059556,1.0610404753205864,5,Branco
1.9203731660160448,0.9191248597389335,5,Branco
-0.05437572165849347,-2.895976822268399,7,Branco
1.6340133496339115,1.255347559680065,5,Branco
0.20128761812225177,-0.9188538579617376,8,Branco
-0.05437572165849347,-2.895976822268399,7,Branco
1.6340133496339115,1.255347559680065,5,Branco
0.26245393922259125,-1.7501463209743848,7,Branco
0.8464821381622887,-2.3204765785960375,7,Branco
2.3283452342059556,1.0610404753205864,5,Branco
1.9203731660160448,0.9191248597389335,5,Branco
0.20589082931147903,-1.6166174590833735,6,Branco
1.245907092025607,-0.987225844442619,8,Branco
0.20128761812225177,-0.9188538579617376,8,Branco
0.31711788581497463,-1.3358385094958127,6,Branco
2.6510319511196077,2.218630048504137,5,Branco
2.5201560119118196,2.1054628384977696,5,Branco
2.008103251552311,0.8330202684274494,6,Branco
-0.44312572038745335,-2.0195040947799323,7,Branco
0.1965860266603561,-1.652695434585183,7,Branco
-0.27242546999237005,-0.7803046470355453,5,Branco
0.1511957020124464,-0.9512553597316992,6,Branco
-0.44312572038745335,-2.0195040947799323,7,Branco
-0.3608928196918465,-3.1586765761444857,7,Branco
-0.6725455746781567,-2.029584828165064,5,Branco
0.30406576811753755,-0.9396598938428689,5,Branco
-0.3608928196918465,-3.1586765761444857,7,Branco
3.4217826782329954,0.9708888763662135,4,Branco
1.1632084973980636,-2.1288339438534023,6,Branco
0.7853073517218465,1.3622688231521904,5,Branco
1.0386393696320233,0.8098935591003609,5,Branco
1.079145355815883,-0.26103938781977687,5,Branco
-0.4016573467359999,-1.64858060793892,6,Branco
1.5438610445945375,0.8174543540642207,6,Branco
1.0004611905661103,-0.9374072351538457,6,Branco
2.1625942105792713,0.9554665062053708,6,Branco
1.320870976592136,-2.266394557694254,7,Branco
1.320870976592136,-2.266394557694254,7,Branco
1.8634564014461175,0.5408747231203204,5,Branco
2.0320473793224374,0.126320437724222,5,Branco
1.0553520442506648,0.9041131139695582,5,Branco
-0.43593472785421833,-1.7858107422964358,6,Branco
-0.29061454481180315,-1.2986152388823717,7,Branco
1.1221452018347613,-2.0610143388513142,6,Branco
1.0004611905661103,-0.9374072351538457,6,Branco
2.1625942105792713,0.9554665062053708,6,Branco
0.9828879848596276,0.4525203473168505,6,Branco
-0.21103718273123945,-1.553776199715843,7,Branco
0.6842897632805295,-2.450369915592027,7,Branco
0.04884851797198151,-1.6153357425173378,6,Branco
-0.05868937360793151,-1.7571351914942193,6,Branco
0.30202563386104975,-1.1319812293431573,6,Branco
0.21057703026201507,-1.1251953913118988,6,Branco
0.24285056157787538,-0.5186427149645467,5,Branco
0.17610447689291264,-0.891733987915182,7,Branco
-0.21103718273123945,-1.553776199715843,7,Branco
0.23144269812699877,-2.7605843238342445,5,Branco
1.0457161204145664,-1.2368426344201358,5,Branco
-0.14499765372543041,3.014413596296518,5,Branco
2.133370930154549,1.9871699831150336,5,Branco
0.2521742414660036,0.7141566363794047,5,Branco
0.8795852372059758,-1.4690385656834049,5,Branco
0.2983044171099844,-1.998092853336387,6,Branco
0.6893896904261955,-1.1055709236585936,6,Branco
0.9664229198693014,-1.2343214296017564,7,Branco
0.3016100078663592,-2.4061711343890146,7,Branco
0.09475489884311918,-2.171292298276272,8,Branco
0.9664229198693014,-1.2343214296017564,7,Branco
0.4237402791957877,-1.079502695444622,6,Branco
1.4674746019096594,-0.6105987578397152,6,Branco
0.6893896904261955,-1.1055709236585936,6,Branco
-0.3358765895053645,-3.265134822685647,6,Branco
0.020432057658759162,-2.7037471998071223,6,Branco
0.2983044171099844,-1.998092853336387,6,Branco
0.6632586222003093,-1.7373057865128523,6,Branco
0.3016100078663592,-2.4061711343890146,7,Branco
-0.40822651707816787,-2.5790580486535792,7,Branco
0.9156417750211485,-1.892471933343727,5,Branco
0.967679535782656,-2.4320065637603365,6,Branco
-0.40822651707816787,-2.5790580486535792,7,Branco
0.11381930412182784,-1.7705536985664818,6,Branco
1.4971388289189256,-2.4849928888828847,7,Branco
-0.5388365196509072,-2.0740811713749983,8,Branco
0.6555294681098415,-1.8388728356742672,7,Branco
0.11381930412182784,-1.7705536985664818,6,Branco
2.235966049811278,0.3975395060426652,5,Branco
3.118194843904436,0.7153823323570998,5,Branco
0.49303632962424765,-2.9546465582759502,6,Branco
0.011529894924697996,-2.7670984889984482,6,Branco
0.16489833977864474,-0.09175646740769673,5,Branco
0.7007872889735047,-1.733773037883272,7,Branco
1.082309759465373,-0.17501385164015412,5,Branco
-1.111070473951406,-2.3789793532381385,7,Branco
0.27779319795906704,-1.4293222907114826,7,Branco
0.13686648476743002,-1.3196668575528836,6,Branco
-0.25232428887205377,-1.195209150736339,5,Branco
-0.22070357489823367,-1.9010155311785797,5,Branco
-0.9475715481707162,-1.044011214588608,4,Branco
0.741436173239337,-0.6682995251387801,6,Branco
1.9495013676525668,-2.612555329731066,8,Branco
1.42651950960398,-0.6581961514404071,6,Branco
2.4116048413870956,1.976361196060299,5,Branco
1.2667841878446975,-1.5203894567401066,7,Branco
-0.007559996438693749,-2.1419891163975806,7,Branco
-0.6101636084011081,-0.4251011421604589,5,Branco
1.2680676357736194,0.6449724856031042,5,Branco
2.4116048413870956,1.976361196060299,5,Branco
0.08580085858612405,-1.345099086312749,5,Branco
2.123014656041105,1.2049709569888767,5,Branco
0.255390757356323,-1.4846090855512286,6,Branco
0.08163039380785532,-2.0509896764816604,7,Branco
0.9562453935856541,0.3082986792792058,5,Branco
-0.15989739915780204,-2.46784927688204,6,Branco
0.23112502497863738,-1.5902302687244336,7,Branco
0.4866201214971866,0.11804072860607005,5,Branco
2.1713543981950045,0.8208527647853566,5,Branco
-0.15989739915780204,-2.46784927688204,6,Branco
-0.20431180912037425,-2.205010200875291,6,Branco
-0.13021581988377384,-2.2239999620336155,6,Branco
1.4659563735955294,0.15683879069984474,5,Branco
0.9562453935856541,0.3082986792792058,5,Branco
0.08163039380785532,-2.0509896764816604,7,Branco
1.8717332185135904,0.1493241173534815,5,Branco
0.10106297907671613,-1.669669813963403,6,Branco
0.10106297907671613,-1.669669813963403,6,Branco
0.6867276358952249,-2.3754659796347806,6,Branco
-0.09648956155910629,-2.6801238138442445,7,Branco
-0.12501409755326118,-2.1966786624921735,6,Branco
1.4207875204424323,-0.48732903219881074,5,Branco
0.6006009204524717,0.532178559046738,4,Branco
0.037787662163986525,-0.3655589290686432,6,Branco
1.3043678744990526,-2.3236603151646307,8,Branco
1.2617662405370784,-0.6148751785082754,6,Branco
1.6801487321593587,1.662764404129698,6,Branco
2.242002171227486,0.704663771075864,5,Branco
-0.9245138709947381,-2.5115369462121464,8,Branco
1.7567349317834395,-1.0545221409015961,7,Branco
1.7567349317834395,-1.0545221409015961,7,Branco
1.6801487321593587,1.662764404129698,6,Branco
1.1412064198698786,-1.3681478525134796,8,Branco
-0.9245138709947381,-2.5115369462121464,8,Branco
2.7049372874621853,0.594526550707388,6,Branco
1.2617662405370784,-0.6148751785082754,6,Branco
-0.14454687462714913,-1.8371009846919963,5,Branco
0.02434506633235132,-2.189425649024515,4,Branco
-0.07412248479429795,-1.8770208653436526,5,Branco
2.242002171227486,0.704663771075864,5,Branco
1.4984752160990447,0.23594912666374002,8,Branco
1.4984752160990447,0.23594912666374002,8,Branco
1.3133077254052132,-0.3450730608155003,6,Branco
0.11788124533079943,0.1610098925511931,5,Branco
1.9903222201369768,0.8923500029468129,5,Branco
1.4984752160990447,0.23594912666374002,8,Branco
1.3133077254052132,-0.3450730608155003,6,Branco
0.4965120139038146,-4.059784164419638,8,Branco
0.864591293029635,-1.590923820836425,6,Branco
0.864591293029635,-1.590923820836425,6,Branco
1.961571258780155,0.7776153887800393,6,Branco
1.1758628382351035,0.620095961642637,6,Branco
-0.16104426995090768,-0.5364865774805393,5,Branco
-0.5727508034141388,-0.6346042054646442,5,Branco
-0.09538823208821963,-0.5339676658861457,5,Branco
-0.16104426995090768,-0.5364865774805393,5,Branco
-0.5630710421904179,-2.27372476924564,7,Branco
0.25744931559617773,-0.8098731444696629,5,Branco
0.6020425565744981,-1.4092941797130436,6,Branco
0.6913136228532457,-2.099609602624166,6,Branco
-0.5727508034141388,-0.6346042054646442,5,Branco
0.11710117290578671,-2.114753461647725,7,Branco
1.477980459523224,0.8225444309477251,7,Branco
0.7317816861455932,-0.49302655842218257,6,Branco
-0.028028996437464856,2.2162833981670755,5,Branco
0.36503932712950216,-2.0342079797029946,7,Branco
-0.2695339776154759,-1.6175743733972758,5,Branco
-0.16300449945840295,-3.4769672649561802,8,Branco
1.4600997402154627,1.8400343459898965,6,Branco
1.4600997402154627,1.8400343459898965,6,Branco
1.3889863979196242,-1.441063148670994,5,Branco
0.027729362534677456,-1.85547067380076,6,Branco
1.3889863979196242,-1.441063148670994,5,Branco
-0.23852400826924283,-0.6891645707240363,5,Branco
0.9206407860160727,-0.8676668086238122,6,Branco
1.4600997402154627,1.8400343459898965,6,Branco
1.2031412001930666,0.7611476068631651,6,Branco
1.8206633218601942,-0.8579171215142426,6,Branco
1.1979724460792476,-1.1679646627783176,6,Branco
1.7024244280641032,0.7929667149152874,6,Branco
1.7024244280641032,0.7929667149152874,6,Branco
1.283827687954482,-1.6009784037206,7,Branco
0.9351842454177779,-2.3898186090814835,7,Branco
0.9333907801977226,0.43043342539290536,7,Branco
1.2201821513902518,0.37263389108783174,6,Branco
1.8976589388025058,-2.2190586915345425,6,Branco
-0.27612993953060444,-1.7393868151445468,6,Branco
1.1389981494237214,-0.28717459144433,7,Branco
1.1389981494237214,-0.28717459144433,7,Branco
1.0836899575007979,-0.41475666423028823,7,Branco
0.2054580860314242,-0.9580205704552861,7,Branco
2.346462614560534,-1.6734619186467043,6,Branco
1.9162770542693643,-3.0289354529398667,7,Branco
0.9503869986522039,-1.387745426469573,7,Branco
1.3406210883877174,-0.05308392461409762,7,Branco
1.0836899575007979,-0.41475666423028823,7,Branco
1.0836899575007979,-0.41475666423028823,7,Branco
0.8847168650713696,-2.5735357355362174,6,Branco
0.13593167118717978,-2.2374927260112676,8,Branco
0.7756952153142309,-1.346576037448634,6,Branco
-0.2943228981059754,-3.0872527771030596,7,Branco
1.0836899575007979,-0.41475666423028823,7,Branco
1.1389981494237214,-0.28717459144433,7,Branco
1.3406210883877174,-0.05308392461409762,7,Branco
0.9503869986522039,-1.387745426469573,7,Branco
0.2054580860314242,-0.9580205704552861,7,Branco
0.43996055241304033,-1.756929511997867,6,Branco
1.056232614768444,-2.1342343801297274,6,Branco
2.346462614560534,-1.6734619186467043,6,Branco
1.9162770542693643,-3.0289354529398667,7,Branco
1.7949180441637054,-3.3414043090372862,7,Branco
3.2067013678454477,3.0319662066283755,6,Branco
1.0185179464936633,-0.007229817802976491,5,Branco
0.6250911597514854,-1.5355669653028192,6,Branco
0.363013860849271,-2.122258048602063,6,Branco
1.4302961315430702,0.575284860790186,6,Branco
0.5255065461873193,1.0671610180374576,6,Branco
0.4550239298368164,-0.7161417141124291,6,Branco
1.4302961315430702,0.575284860790186,6,Branco
1.5716989520509983,-2.124218797353766,6,Branco
1.1806891871231968,-1.3668129338770205,8,Branco
0.4550239298368164,-0.7161417141124291,6,Branco
-0.19486638609795526,-0.3195643123723835,6,Branco
-0.6771220069088493,-0.733340168807164,4,Branco
-0.6559166840345543,0.3650964510493511,5,Branco
0.5255065461873193,1.0671610180374576,6,Branco
1.4302961315430702,0.575284860790186,6,Branco
0.6773962839256762,-1.9381019824555927,7,Branco
0.93684972217418,0.043801932285729775,6,Branco
1.473418594519836,0.5185068776342318,5,Branco
0.41231014747829353,0.20613866772522232,6,Branco
0.7482647703488263,-0.07093153420364352,8,Branco
0.7482647703488263,-0.07093153420364352,8,Branco
1.4983289911151094,0.39675267372525574,6,Branco
-0.12036145840216321,-1.40405229436735,5,Branco
1.9676979026710493,0.8069902174299944,6,Branco
1.3688697245594368,0.9860728864936438,6,Branco
0.42572753020795145,-2.0491245978305663,7,Branco
0.24609320630553286,-0.23364276885958032,5,Branco
2.322611065155456,1.9608658242503538,6,Branco
1.0044947453188402,-1.505639667893826,6,Branco
2.744389167871431,1.4511756905150008,6,Branco
2.2375362849424283,-0.037233007946913095,5,Branco
2.3655108221173147,1.9090541664199334,6,Branco
2.322611065155456,1.9608658242503538,6,Branco
0.955394513286876,1.725869557720379,6,Branco
1.1290212046506167,0.6767803448554666,6,Branco
0.7094487101536117,-0.7612135197253644,6,Branco
1.083838483778981,-1.989463975656432,6,Branco
1.2989049560208148,-1.3459313497583645,5,Branco
0.7462897988817759,-1.6731635737638106,6,Branco
1.1672357479662232,2.380073182342943,5,Branco
3.799183031729213,-0.14734345977130553,4,Branco
1.1672357479662232,2.380073182342943,5,Branco
3.631555791051551,0.5064563140366414,7,Branco
0.5749343616995508,0.1488524325093703,5,Branco
0.09691569594332726,-2.1037610351614124,6,Branco
0.8442184386182104,-2.6298164249250084,6,Branco
-0.6213423914589604,-3.24557088015662,5,Branco
-0.27989400877272735,-1.2324757631415049,5,Branco
2.409916862712675,0.755805089961748,5,Branco
0.06806399690806647,-0.5521916017761831,6,Branco
1.725219836830987,0.42412436451901186,5,Branco
1.725219836830987,0.42412436451901186,5,Branco
0.5802551943643801,-1.2740162254160838,8,Branco
1.725219836830987,0.42412436451901186,5,Branco
3.6802380586098358,2.5443266373734468,5,Branco
2.249305721049645,1.2817364801292508,6,Branco
3.6802380586098358,2.5443266373734468,5,Branco
0.5875258114213007,-1.040026118128843,4,Branco
0.5659667814392425,-2.4979959217585157,6,Branco
-0.826614474812052,-1.5119421527183374,8,Branco
0.5802551943643801,-1.2740162254160838,8,Branco
0.4276972679678389,-1.1345827215727173,7,Branco
2.5738858448346833,-0.19986779835908375,6,Branco
0.9408934152582472,-1.9013067563177362,5,Branco
0.6290981890979844,0.12256827025795633,5,Branco
0.2836691841915089,-2.3408777894471,7,Branco
0.6985114294280815,0.026854382645221095,5,Branco
2.409916862712675,0.755805089961748,5,Branco
0.8512257457409897,-1.947706560208463,5,Branco
-0.9625213302835969,-1.2015412455463526,5,Branco
0.06806399690806647,-0.5521916017761831,6,Branco
1.725219836830987,0.42412436451901186,5,Branco
-0.46914767182452616,-2.4913081149272545,6,Branco
0.056207265730909284,-3.177932108291099,7,Branco
-0.11663982957137005,-1.4246998044703547,6,Branco
0.6777141086467565,0.5415602347258712,6,Branco
0.056207265730909284,-3.177932108291099,7,Branco
2.204557600694631,0.11617521632720933,3,Branco
-0.0759805314155793,-2.6224759691114183,6,Branco
0.31818297590152234,-2.330426221818902,7,Branco
-0.11663982957137005,-1.4246998044703547,6,Branco
2.5826642624342475,1.086172169716861,6,Branco
0.7400913600408995,-0.7498530443175406,6,Branco
0.6131313584465221,-1.5780594678838151,7,Branco
-0.8560339420086712,0.6354680409289463,6,Branco
-0.8560339420086712,0.6354680409289463,6,Branco
-0.04497590382460916,-1.6308025730366855,7,Branco
-0.7686403825152769,-1.2445505237945866,5,Branco
1.254333419030517,-1.7627356991786676,7,Branco
0.5392395424614707,-2.0171368686786386,7,Branco
2.048088549057236,-0.5891953324899286,7,Branco
0.8793507020275353,-0.3148543033796767,6,Branco
0.509886079628258,-0.6223305373684801,6,Branco
0.6131313584465221,-1.5780594678838151,7,Branco
0.32088564969493366,-0.8874979240737536,5,Branco
0.7907348052680551,-0.7116897467994684,6,Branco
0.7400913600408995,-0.7498530443175406,6,Branco
0.7777705137916681,-0.19561053665412056,6,Branco
1.4055588955305047,1.632580647621909,5,Branco
0.5837148913680862,-0.010862331608813712,4,Branco
0.03163358331185954,-1.659722368294966,6,Branco
0.6534378445963666,-2.1514460560895894,7,Branco
-0.17711224921702748,-0.31334383935368815,5,Branco
1.5352855925286357,1.9451419475674188,6,Branco
0.914735357175461,-1.5859139019784103,6,Branco
0.914735357175461,-1.5859139019784103,6,Branco
0.3196513440847769,-1.5175280339087809,7,Branco
0.6534378445963666,-2.1514460560895894,7,Branco
0.8914449198867919,-2.5832493736789077,7,Branco
-0.28065396346835014,-2.478234255334893,5,Branco
2.3762216698772605,0.8918932496212887,6,Branco
-0.17711224921702748,-0.31334383935368815,5,Branco
0.472424957908556,-3.505349588046351,6,Branco
-0.2647734765346632,-2.6085545560951453,5,Branco
1.5352855925286357,1.9451419475674188,6,Branco
1.4605055298060503,0.5868824114532308,5,Branco
1.3421024517121742,-0.2902325181333077,7,Branco
-0.8892882667755484,-0.6472054310658985,5,Branco
-0.5631612020455865,-2.721225604043026,6,Branco
0.8004841724975049,-2.3652347304323738,6,Branco
0.4895396974209684,-2.2821118943620915,6,Branco
2.639519231619578,2.4108814097559077,5,Branco
0.914735357175461,-1.5859139019784103,6,Branco
0.739378240016688,-2.4609737546957398,6,Branco
1.1667071152390411,-1.2870624607471735,6,Branco
2.0084663997838983,1.9639706478846548,6,Branco
0.7062335576266272,-2.5743908877626582,5,Branco
0.9052482606482594,-1.7090807272548334,6,Branco
0.9855180269153913,-0.40208796788775153,6,Branco
1.010328295673751,0.1663891572090243,6,Branco
2.0084663997838983,1.9639706478846548,6,Branco
-0.42561320386914064,-2.321550556498292,7,Branco
0.8516511639911319,-1.6089965388905751,6,Branco
0.7246532336027337,-2.6003354864966903,5,Branco
2.0241112998921214,1.8664418511596905,6,Branco
2.0241112998921214,1.8664418511596905,6,Branco
2.0241112998921214,1.8664418511596905,6,Branco
1.3407834209523732,0.4322131133588434,6,Branco
2.0241112998921214,1.8664418511596905,6,Branco
1.3407834209523732,0.4322131133588434,6,Branco
-0.3082174205713403,-2.7844610328400576,6,Branco
2.0241112998921214,1.8664418511596905,6,Branco
3.530844616732675,-0.548599134363805,6,Branco
0.3196046232144331,-2.6027962828857896,6,Branco
0.021116718654061107,-2.0470970570428286,6,Branco
0.8902209982712678,-1.3466734978991293,7,Branco
2.258341153113262,1.2452882776201382,5,Branco
0.8902209982712678,-1.3466734978991293,7,Branco
0.6165643770984086,-1.9213567927718271,7,Branco
0.8443558228648599,-0.510752721657793,6,Branco
-0.7223147179488827,-2.805989509612853,6,Branco
2.258341153113262,1.2452882776201382,5,Branco
0.8902209982712678,-1.3466734978991293,7,Branco
0.6165643770984086,-1.9213567927718271,7,Branco
0.557750446029442,-0.7987766404387617,6,Branco
-0.34458362940760545,-1.812342880365229,6,Branco
1.1906569283852138,-2.2940076194651775,6,Branco
1.0204452839101543,-1.8696904405583392,7,Branco
0.845980991894551,-2.5676181463053926,6,Branco
0.906890788892757,-0.4341264016122326,6,Branco
1.9059015525469103,-0.872792690511407,6,Branco
0.4802312956267257,-1.729477418378865,6,Branco
1.122392508644719,-1.5054242509508309,8,Branco
1.3421008311122717,-1.5741094607997728,8,Branco
1.2507035368388482,-1.338105766224712,8,Branco
2.334876400003072,0.7336591116089894,6,Branco
0.4802312956267257,-1.729477418378865,6,Branco
1.030710334202635,-0.8813143195781019,5,Branco
0.4607524089618156,0.11266206745670382,6,Branco
0.562562756178751,-0.630174902334679,4,Branco
0.3629058865528073,-2.7919428812408507,6,Branco
1.421273289461244,-0.6701217415652098,6,Branco
0.8363837486341253,-1.5256802832069694,5,Branco
0.3629058865528073,-2.7919428812408507,6,Branco
0.016842486136446337,-2.0669715379867193,7,Branco
1.4151590497235642,-0.8214977873982325,6,Branco
-0.8332539046755383,0.07773706407675511,4,Branco
0.9786983998359358,-2.832842311432248,7,Branco
1.0814512629110233,-0.4387227612056095,8,Branco
1.4361764240145254,-1.1712379915296653,5,Branco
-0.037903724517119076,-2.7788685422696164,7,Branco
1.5238368245019103,-1.1686301495295932,6,Branco
1.421273289461244,-0.6701217415652098,6,Branco
0.8363837486341253,-1.5256802832069694,5,Branco
-0.1950240306836546,-2.1338307030245205,5,Branco
0.9034159349711968,-0.5555304649883448,6,Branco
1.8337958495478786,-0.5737931132782964,7,Branco
1.348991870974028,-1.1878619786710647,6,Branco
1.8337958495478786,-0.5737931132782964,7,Branco
0.9569570964826649,-1.2583757260525805,7,Branco
1.7422516652646634,-2.559239483150705,7,Branco
1.348991870974028,-1.1878619786710647,6,Branco
0.29153634917251214,-3.043556329911391,7,Branco
1.8337958495478786,-0.5737931132782964,7,Branco
1.3126164460169156,0.675759737628288,5,Branco
0.6012093372076232,-1.690838366127741,7,Branco
-0.3566648904394219,-1.4896001917845887,7,Branco
-0.3003283101805276,-0.5337797193774316,6,Branco
0.09787614086649078,-1.0190384968963917,5,Branco
2.6269921122666333,0.7316988648985777,5,Branco
0.33945636182199657,0.06507867555019489,5,Branco
2.0112822044100698,0.18270217134189137,6,Branco
0.3929313828361187,-2.359395149588652,5,Branco
2.370528506348304,-0.27896217355158637,6,Branco
-0.6673554014853278,-3.0616645604187402,6,Branco
-1.2176030682690793,-1.201714840210214,6,Branco
1.3134049772020078,-1.075790131413699,5,Branco
0.33945636182199657,0.06507867555019489,5,Branco
-0.778683857000314,0.09937607190141513,4,Branco
-0.1281755808466873,-2.6418409018107463,7,Branco
-1.275472658821922,-0.6900319661637084,5,Branco
0.09729262131673637,-0.9379128044641536,6,Branco
0.5678630931204494,-1.8206608941257938,6,Branco
2.0112822044100698,0.18270217134189137,6,Branco
2.0907374297933803,-1.9114817971324305,6,Branco
0.2537348708276826,-2.670798704025648,7,Branco
0.6913536091537471,-1.0706670718068194,6,Branco
1.9203418846380416,0.9978873980659488,6,Branco
2.1893924321822475,0.9584342313101509,6,Branco
0.024051218247254057,-1.7381437599170917,7,Branco
2.576226307763158,0.9843252131153135,6,Branco
0.23498014760940514,-0.5211010524464202,6,Branco
0.3747591241295201,-0.9092075638570556,5,Branco
1.0095612444903261,-1.1854386453173358,6,Branco
0.285722021422235,-0.7197918475392461,6,Branco
2.0907374297933803,-1.9114817971324305,6,Branco
1.587401607658988,-1.7466296918022597,6,Branco
1.393329472271928,-1.1872074119551117,7,Branco
0.5489562256332721,-0.22772674607167717,5,Branco
0.20032920717175268,-2.2511675873507215,7,Branco
0.5418240349178939,-1.645026372058356,6,Branco
0.20899813338333076,-2.7650013441955426,7,Branco
-0.06641983619436662,-1.5657680916238246,6,Branco
0.20032920717175268,-2.2511675873507215,7,Branco
0.8934245186296516,-2.5092417835050536,7,Branco
0.5489562256332721,-0.22772674607167717,5,Branco
1.0677803887092836,-1.039510265924698,6,Branco
1.3618071919024644,-1.037205087338498,6,Branco
1.304197516893426,-1.2134171926385178,7,Branco
1.393329472271928,-1.1872074119551117,7,Branco
1.5603268882187253,-0.9600550635791606,6,Branco
2.438835102147046,1.0523861925540752,6,Branco
0.9227055699703398,-1.9947076133020765,8,Branco
0.6069044876546269,-2.6799907479011904,8,Branco
1.4798048958935528,-0.8045762113966113,5,Branco
2.2046373320693817,1.9510362956794436,6,Branco
2.2046373320693817,1.9510362956794436,6,Branco
2.2046373320693817,1.9510362956794436,6,Branco
2.2046373320693817,1.9510362956794436,6,Branco
2.2046373320693817,1.9510362956794436,6,Branco
2.2046373320693817,1.9510362956794436,6,Branco
-0.05157969573795073,-2.984513212989228,5,Branco
2.2687769231016035,2.5608169875444555,7,Branco
0.017592188635652695,-2.20317027290041,8,Branco
2.103623565350771,-0.9156262019518959,6,Branco
2.1147697215504775,0.14106760833186244,3,Branco
0.9040739823288697,-0.3963477390237197,6,Branco
1.1365007398828457,-1.3923333698228517,6,Branco
-0.44992110093919324,-1.8126793496865745,6,Branco
1.2940208178703663,1.3642332868622165,5,Branco
0.687609642201714,-1.3414011424551169,5,Branco
-0.29229172923347774,-1.4311607766457535,7,Branco
-0.04640261629453595,-1.0947810383883185,7,Branco
0.35344082155338336,-2.0349323518730644,7,Branco
0.2386372982101605,-1.6072351259893172,5,Branco
-0.5108167438139204,-1.1219356344179356,4,Branco
0.5087336359708373,-1.599887033086345,8,Branco
0.20754896222110727,-1.8257501121590176,7,Branco
1.2940208178703663,1.3642332868622165,5,Branco
0.3471205947448989,-1.2045289931904253,6,Branco
0.687609642201714,-1.3414011424551169,5,Branco
-0.17517887645689306,-2.3252468598665184,6,Branco
0.9403011882603861,-0.5380149714318312,7,Branco
0.33424557712591024,1.150538083204936,6,Branco
1.008878335308498,-1.3766879265692236,6,Branco
0.522610419085056,-0.955134690961398,7,Branco
0.5033948338666705,-0.9482263868413984,7,Branco
0.522610419085056,-0.955134690961398,7,Branco
0.33424557712591024,1.150538083204936,6,Branco
2.357076117465489,0.8674488615546396,5,Branco
-0.4105976948997044,-1.4914791707231834,5,Branco
0.4869880494761446,-3.2322932119210557,8,Branco
2.2018553241514454,0.774691437977753,5,Branco
0.34355844491194826,-1.8712374287357227,7,Branco
-0.5527321515151645,-0.755650683594399,6,Branco
2.2018553241514454,0.774691437977753,5,Branco
2.357076117465489,0.8674488615546396,5,Branco
2.246000465474141,0.8932683133268263,5,Branco
0.5496082876435695,-2.1512964623094084,6,Branco
1.0653241482827318,-1.52220878905129,7,Branco
-0.4105976948997044,-1.4914791707231834,5,Branco
0.4869880494761446,-3.2322932119210557,8,Branco
0.6916859449561835,-1.9363898968390143,6,Branco
0.6399525473960289,-2.8907948130520187,7,Branco
0.6639192024774625,-2.921638367200712,7,Branco
0.510611075322596,-2.767252371916422,7,Branco
0.6639192024774625,-2.921638367200712,7,Branco
3.9408700110021075,0.7917685771959162,3,Branco
0.743830305276587,0.036455873420738326,6,Branco
-0.03190640453747521,-1.7600272330005986,7,Branco
0.3411569037037907,-2.5881718962326845,7,Branco
0.9359324377797554,-1.7132095704828212,7,Branco
0.12962952055174579,-2.770133867725941,7,Branco
-0.16867286438640788,-2.171349373841768,7,Branco
2.2095569931282504,1.854711936203888,6,Branco
0.05311944128337042,-2.9927330956902845,7,Branco
0.5005886654285819,-2.5515284592676757,6,Branco
0.6624163822166618,-1.1337913497219325,6,Branco
-0.27724373300130123,-2.0855534912257134,7,Branco
0.8843470821851992,-1.8089559505292112,5,Branco
1.1106452945913616,1.3644279944659894,5,Branco
-0.3640779348019852,-2.709943676394503,6,Branco
-0.22688878337427826,-2.8736808945262924,7,Branco
-0.11467319351391263,-1.954551864503878,6,Branco
-0.08893872852358259,-1.6370811462429158,6,Branco
1.0603558568671128,-2.1208527203963956,7,Branco
1.99649335304963,-0.9653405800560286,5,Branco
-0.8407276824436949,-1.5524228988472315,7,Branco
0.00730609935907223,-2.2436479400073033,5,Branco
0.6252865075583453,-1.310094462758935,6,Branco
1.6956398028576944,0.31394902140384967,6,Branco
1.6297079254021638,0.15997451509580182,6,Branco
0.608092499634193,-1.7301464944396805,7,Branco
1.4106999092236348,-0.7285346949286208,6,Branco
-0.18307245079208434,-1.7749731067326768,6,Branco
1.9537823887805388,1.9070907584116343,6,Branco
1.9537823887805388,1.9070907584116343,6,Branco
1.9537823887805388,1.9070907584116343,6,Branco
-0.044589631081913314,0.3553180733114768,6,Branco
0.3286011928865757,0.09587534387528113,6,Branco
-0.4451855990316783,-2.5274294059161293,6,Branco
0.3286011928865757,0.09587534387528113,6,Branco
0.6140338010234975,-0.8976359453895197,5,Branco
1.958301624317952,1.8653150072053468,7,Branco
1.9537823887805388,1.9070907584116343,6,Branco
2.2447765821858474,0.3603243578733474,6,Branco
2.3154767502557347,0.35028290809449014,6,Branco
1.2742690701691357,-0.4679782260336255,6,Branco
-0.044589631081913314,0.3553180733114768,6,Branco
0.5838292339566311,0.11137365331305668,6,Branco
0.7465158745899546,-0.2513485877767778,6,Branco
0.7046274626337596,-3.1237836918482818,6,Branco
0.5602564892154301,-1.5630016520792818,6,Branco
0.7032906996737436,-1.2586502952955974,6,Branco
1.000929341320103,-0.7568674817368506,7,Branco
0.7257432459302255,-1.8325362157701792,6,Branco
2.016458672485874,0.20100539988872174,6,Branco
1.1295542214563659,-0.8093359320578134,7,Branco
0.5602564892154301,-1.5630016520792818,6,Branco
0.7032906996737436,-1.2586502952955974,6,Branco
-0.14811919590700243,-1.4928781122051766,7,Branco
0.5838292339566311,0.11137365331305668,6,Branco
0.7465158745899546,-0.2513485877767778,6,Branco
0.7046274626337596,-3.1237836918482818,6,Branco
0.51453418483086,-2.558629543905397,6,Branco
0.18562234873770855,-1.699182101385362,7,Branco
0.5110374240451069,-2.6491000795049167,6,Branco
0.3838431454085672,-3.297936684503968,6,Branco
1.5767308358998495,-0.9729725441657222,6,Branco
0.9578747945579427,-0.4067796702571844,7,Branco
0.3838431454085672,-3.297936684503968,6,Branco
0.5110374240451069,-2.6491000795049167,6,Branco
1.1161821069478346,-1.290052653290424,6,Branco
0.9177827489876267,-2.6705079639728324,7,Branco
1.2526451617784522,-0.8868223730307682,5,Branco
0.7138106324966423,0.7432497379554794,6,Branco
1.5767308358998495,-0.9729725441657222,6,Branco
0.96544697564525,-0.9042208464453702,6,Branco
1.4659891610686435,-2.241038566309098,8,Branco
3.3930121428815205,2.3343239227973855,5,Branco
0.2271318680057606,-1.9226832291020424,7,Branco
1.555211636342611,-0.4060165002746061,7,Branco
0.2271318680057606,-1.9226832291020424,7,Branco
0.995048630137595,-0.9899767015848178,6,Branco
1.2360094904608654,-0.1237246735973539,6,Branco
0.5892588642265302,-1.9993978923487001,6,Branco
1.4659891610686435,-2.241038566309098,8,Branco
3.3930121428815205,2.3343239227973855,5,Branco
-1.2586960732219252,-0.9301381000978127,6,Branco
0.08133119769773454,-1.220163986676495,7,Branco
1.18227889348732,-1.5428046516862548,6,Branco
1.2644393974867536,-1.5205216736418994,8,Branco
0.8146610317880546,-1.3597244645519977,6,Branco
0.9992594724696289,-0.9842947111345214,6,Branco
1.9951572841434415,0.9719061587536215,5,Branco
1.837654462984402,1.009981305605823,5,Branco
1.346553117496083,0.2345240508461008,6,Branco
1.7657116835321451,-0.6342661307230641,6,Branco
1.1278025615757261,0.7617532385400585,5,Branco
0.3564651422326031,-1.22242566931409,6,Branco
-0.560841384100216,-0.34214265201540855,6,Branco
0.8264867711391811,-0.5100752723314018,5,Branco
-0.560841384100216,-0.34214265201540855,6,Branco
0.9146917875541284,-0.48026947445281076,5,Branco
-0.21219995399645622,-2.1542827848451216,6,Branco
0.35322173532544543,-1.5751424013359352,6,Branco
0.3564651422326031,-1.22242566931409,6,Branco
1.1278025615757261,0.7617532385400585,5,Branco
2.1574675556614404,0.8473854649897521,6,Branco
-0.03380435705944727,-1.7887330420073198,3,Branco
0.43156987041152206,-0.2247651514990035,7,Branco
1.1901515201702797,-0.4764151567235626,6,Branco
1.869510831224387,0.5640582160907917,6,Branco
2.0022881102461625,2.817775484636617,6,Branco
0.43156987041152206,-0.2247651514990035,7,Branco
0.9699034069895706,-2.8162611258911294,7,Branco
1.837235060607648,1.1662481340749276,6,Branco
-1.5477830447347982,-2.4476763095420537,4,Branco
1.837235060607648,1.1662481340749276,6,Branco
0.9699034069895706,-2.8162611258911294,7,Branco
2.0556795409980944,3.647707884565109,5,Branco
-0.4146881648397354,-2.0998513433227526,8,Branco
0.11252664508911107,-2.5106235515883664,8,Branco
1.3190620190752338,2.3271385067213504,5,Branco
-0.6410634961530297,-1.8570088155446556,6,Branco
1.379057986910744,2.3018305284689267,6,Branco
1.379057986910744,2.3018305284689267,6,Branco
1.9541409201779687,-0.7520154350645027,6,Branco
-0.6410634961530297,-1.8570088155446556,6,Branco
1.3190620190752338,2.3271385067213504,5,Branco
1.379057986910744,2.3018305284689267,6,Branco
1.3846465682966624,2.3289425434678206,6,Branco
0.461729028158016,-1.4070437537174474,5,Branco
-0.08761268561972489,-2.82987830022621,7,Branco
-0.364855646159814,-1.0516802262554918,6,Branco
0.07098935640033927,-2.9236750739904402,6,Branco
-0.4929653826278453,-0.620986798432407,6,Branco
0.18741894793101305,0.47741410700017667,5,Branco
3.227139566741671,2.8054478460277754,5,Branco
0.18741894793101305,0.47741410700017667,5,Branco
0.09073763087467421,-1.878335422599584,5,Branco
0.027878784552094162,-1.3638941088004157,5,Branco
0.43546188314890444,-2.224557403114595,7,Branco
0.7918093499449175,-2.4181530155344046,6,Branco
3.245316016890789,2.8227832700329314,5,Branco
1.1651918775113979,-1.2376384976020662,8,Branco
1.1341117023011105,0.5408435285474288,6,Branco
1.4802657695111738,0.20467720535459727,6,Branco
-0.1022948030901543,-2.2458884105294885,7,Branco
1.1651918775113979,-1.2376384976020662,8,Branco
1.3752900801989465,-1.4430729972352911,7,Branco
1.3752900801989465,-1.4430729972352911,7,Branco
-0.1666166495034825,0.9889292871487265,5,Branco
0.13412043367416382,-1.2929232268311817,6,Branco
-0.27112582712170374,-3.181071060260326,5,Branco
0.4002445843471638,-2.358979164687033,6,Branco
1.1995316768631379,-1.3272804723887899,5,Branco
1.4193226740834353,-2.04207357081333,7,Branco
-0.9585944436196278,-3.2179296079797477,7,Branco
2.616411065152711,1.7430002341401611,6,Branco
1.2388346302807496,0.5935011081025936,6,Branco
2.756433566959084,-0.6786952595935525,8,Branco
0.5011513311346907,-2.5412977665458967,6,Branco
0.4016005864115587,-2.978519724664921,7,Branco
1.7665507571292016,0.7904143390624102,5,Branco
0.48098783572887505,-2.5361199244208077,6,Branco
0.5011513311346907,-2.5412977665458967,6,Branco
2.69467969219264,1.476309567733578,5,Branco
0.39054899975276175,-3.265794249219018,8,Branco
2.616411065152711,1.7430002341401611,6,Branco
2.756433566959084,-0.6786952595935525,8,Branco
1.2388346302807496,0.5935011081025936,6,Branco
0.1681308403626503,-0.9188817423411512,6,Branco
-0.01989819972293831,-2.1199452867209954,8,Branco
1.079119233796822,-0.35089091326026517,6,Branco
0.8312485748433058,1.0551362682754974,6,Branco
0.34458947899242454,-2.9580009058500334,8,Branco
0.6529127353775287,-1.4831093788854637,7,Branco
0.8312485748433058,1.0551362682754974,6,Branco
-0.004470086015359549,-2.5817228805793793,7,Branco
-0.01989819972293831,-2.1199452867209954,8,Branco
0.6942052751843063,-1.4472087908262292,5,Branco
0.24809152844040663,-3.1541740223248427,8,Branco
0.40136367852253996,-2.4755027399153766,7,Branco
0.34458947899242454,-2.9580009058500334,8,Branco
0.5918392095589377,0.0233340851151603,7,Branco
-0.02734368892199751,-1.9898256375099088,6,Branco
1.079119233796822,-0.35089091326026517,6,Branco
-0.10705228467917714,-1.7547855548403202,6,Branco
-0.06498760192907324,-1.0158234715530925,8,Branco
0.6529127353775287,-1.4831093788854637,7,Branco
0.3512372963652248,-1.1069950902944434,6,Branco
1.3814602892459604,-1.0601134160766232,7,Branco
1.3814602892459604,-1.0601134160766232,7,Branco
0.8612255035146733,-0.3011966778665472,6,Branco
0.760055085380426,-2.1822963396311414,7,Branco
1.2001663714787856,-1.5626048431325503,7,Branco
2.153942118267516,1.7931092175985412,6,Branco
-0.20634925752633793,-1.0189205243569093,6,Branco
0.23928821343337767,-3.0003059180332574,7,Branco
1.3814602892459604,-1.0601134160766232,7,Branco
0.8612255035146733,-0.3011966778665472,6,Branco
1.6528706013758123,2.137463501473626,5,Branco
-0.34307261539545975,-2.559138300381891,7,Branco
0.20900478178147788,-1.855599163523061,7,Branco
-0.03899204221598935,-1.7176849244164438,7,Branco
-0.17936368412368478,-0.5350494991503313,6,Branco
0.011242440300076924,-2.7407400041980075,7,Branco
1.6528706013758123,2.137463501473626,5,Branco
2.1957858204005993,0.7281094395828491,6,Branco
2.5453175143186892,0.6086113457693237,6,Branco
-0.15120881064699201,-2.0880352565676192,7,Branco
-0.4049793179902683,-1.6293967332321595,6,Branco
-0.020123801667781844,-0.8938185467661993,6,Branco
0.4898713637157643,-1.5461612174074135,6,Branco
-0.19028285193165906,-2.1882990799398536,7,Branco
0.9006268931146605,-2.267254518634269,7,Branco
0.38164983390164253,-3.18233773675156,7,Branco
0.18674312911606694,-1.1336663509958056,5,Branco
1.1851646917964487,-1.5522215578427054,7,Branco
3.969897549458045,0.6485082585884216,5,Branco
1.4105981676365438,-1.7036166513835427,7,Branco
1.8333124504740168,0.6693706932367958,5,Branco
3.969897549458045,0.6485082585884216,5,Branco
0.916438110313592,-1.9736779086348224,6,Branco
0.916438110313592,-1.9736779086348224,6,Branco
0.35100075123877267,-1.9802364194950968,6,Branco
2.108133968958242,0.7784272433050862,6,Branco
-1.0071953305542527,-1.0778736062080025,4,Branco
0.13923460235154364,-2.6519596604628406,7,Branco
1.3713088431094276,0.7403865907780391,5,Branco
1.897475903142679,0.7317486293989277,5,Branco
-0.3630634529973331,-0.5272839559498366,6,Branco
2.163181607139747,0.6667489432349136,6,Branco
1.3713088431094276,0.7403865907780391,5,Branco
1.897475903142679,0.7317486293989277,5,Branco
0.3700834270802395,-1.4929822683187428,6,Branco
-0.6024373628649761,0.002049458601225046,5,Branco
1.2036939703840945,-1.995811854369984,7,Branco
0.20357102324204546,-2.71625453077197,6,Branco
0.340900481803319,-2.3967107596644803,6,Branco
0.9209913640598395,-1.1210554214040154,6,Branco
1.7139356161689978,0.5634688795614927,6,Branco
0.6243689073177262,-1.7382114886552433,6,Branco
0.6243689073177262,-1.7382114886552433,6,Branco
3.712945433854582,2.708201288396575,6,Branco
1.7139356161689978,0.5634688795614927,6,Branco
3.7420277540931703,2.7359379668048245,6,Branco
0.2879102690562222,-1.7001122312388253,6,Branco
0.6243689073177262,-1.7382114886552433,6,Branco
0.9086838174745895,-0.6276375542542822,6,Branco
1.6705726667027239,1.3365739182018381,6,Branco
1.6705726667027239,1.3365739182018381,6,Branco
1.6705726667027239,1.3365739182018381,6,Branco
1.0147536545855047,-1.4631466911242106,6,Branco
0.8352383285233848,-0.5430300944664174,6,Branco
0.14390813976603364,-2.2020856880823363,7,Branco
1.0147536545855047,-1.4631466911242106,6,Branco
1.6705726667027239,1.3365739182018381,6,Branco
-0.8077565099768034,-1.8429813000220099,4,Branco
-1.281626151990142,-1.951651311474768,6,Branco
0.03876018324144955,0.15376130494818555,5,Branco
1.2049234146743186,-1.7990160081085833,6,Branco
0.03876018324144955,0.15376130494818555,5,Branco
-1.281626151990142,-1.951651311474768,6,Branco
0.44084050635136235,-0.3165516207476438,6,Branco
-0.26446677911470345,-1.9150490310031318,6,Branco
0.12474370757436316,-1.8303849818638707,6,Branco
-0.16006657936222699,-1.1361942472289228,7,Branco
0.44084050635136235,-0.3165516207476438,6,Branco
0.12474370757436316,-1.8303849818638707,6,Branco
-1.9769658629330766,-1.2791303935553489,4,Branco
-0.26446677911470345,-1.9150490310031318,6,Branco
-0.373433431586777,-1.6308772584728928,6,Branco
-0.007717582463850333,-0.4647275433541426,6,Branco
0.598906886592496,-1.810574088185539,7,Branco
1.387325884289319,1.188742950794229,5,Branco
0.501195808452945,-1.1755763312509981,7,Branco
0.033002991153214235,-1.9836685132119578,4,Branco
0.41196369463184923,-1.0991691007310322,7,Branco
1.293506884181872,-0.8537268686379149,5,Branco
0.3608335348387111,-1.8230785197877497,7,Branco
-0.7659633559649263,-2.6351882251170102,6,Branco
-0.5620566196056392,-0.8246941807026753,6,Branco
0.41196369463184923,-1.0991691007310322,7,Branco
0.7190209758059024,-2.1437319219504376,7,Branco
1.276563752230714,-1.3522097250569713,7,Branco
2.183962764162159,2.2633821688913347,6,Branco
2.183962764162159,2.2633821688913347,6,Branco
2.183962764162159,2.2633821688913347,6,Branco
0.1383371115243669,-1.9210904363511334,7,Branco
0.6474226475919249,-1.2356763133885105,5,Branco
1.2890860757141136,-1.4426185448958069,7,Branco
1.3134031041829273,-1.4040989225250355,7,Branco
1.037329171117618,-0.4852893593912441,7,Branco
0.891757012567992,-2.349382506418314,7,Branco
1.132611563194976,-2.1270517294232154,7,Branco
2.090837718327761,-0.1198928398492702,6,Branco
1.0347417250318995,-2.6909616750407754,7,Branco
1.657682106623319,1.4813419709614768,6,Branco
1.3705792761681879,0.5029880062248825,6,Branco
-0.13351204125500346,-0.9921300894281276,7,Branco
0.30011590994526144,-0.2386803107675757,6,Branco
0.42099125207231436,-1.5021764062682008,7,Branco
0.13413703873281932,-2.511121355584655,6,Branco
1.4727990262166464,1.2351565389446943,5,Branco
0.8421629182087306,0.8145596427309133,5,Branco
-0.16572716589094638,-1.738851806334875,6,Branco
1.954226066916172,1.6265180154022656,6,Branco
1.954226066916172,1.6265180154022656,6,Branco
1.4727990262166464,1.2351565389446943,5,Branco
-0.16572716589094638,-1.738851806334875,6,Branco
0.0632627127364891,-1.375122163277712,6,Branco
1.954226066916172,1.6265180154022656,6,Branco
0.8421629182087306,0.8145596427309133,5,Branco
0.0041493051150316386,-2.5106381807089515,6,Branco
2.6704303775013707,2.3595241598779095,5,Branco
-0.22857725509487223,-1.7754423565087452,5,Branco
1.3550437324050517,1.184505030088405,7,Branco
1.7568848092857192,2.6968827443142587,6,Branco
2.620152539096971,-0.24102420704278688,7,Branco
1.3550437324050517,1.184505030088405,7,Branco
0.0041493051150316386,-2.5106381807089515,6,Branco
1.7568848092857192,2.6968827443142587,6,Branco
0.06302818206603943,-2.5203251703832326,7,Branco
2.6704303775013707,2.3595241598779095,5,Branco
-0.22857725509487223,-1.7754423565087452,5,Branco
1.043024826025772,0.6619595658118604,5,Branco
0.8837281890882045,0.6289984242055341,6,Branco
0.9701328759158979,0.65571683861325,6,Branco
0.8280407646406328,-0.6744766110398099,6,Branco
0.8280407646406328,-0.6744766110398099,6,Branco
1.9945911437908188,2.3006222485695558,6,Branco
0.8280407646406328,-0.6744766110398099,6,Branco
1.9169800542436735,-0.20842775295082822,7,Branco
-0.6136157429416301,-3.2983441595747807,6,Branco
-0.9737292681781776,-1.7142086128775584,7,Branco
0.17491605514428982,-0.2415246264554808,7,Branco
-0.14670636178381224,-2.398928131732054,7,Branco
1.0456440539120668,-0.8409768161645821,6,Branco
0.9311762149709916,-0.6799282021707461,6,Branco
0.9000000704971505,0.22725911853243191,6,Branco
0.9000000704971505,0.22725911853243191,6,Branco
0.9311762149709916,-0.6799282021707461,6,Branco
0.35058373635061013,-1.7053408687415832,7,Branco
1.593973297107169,-1.535620370348292,6,Branco
-0.5396355341343142,-1.7815338616275878,7,Branco
0.07941142685191212,-2.078224538690806,7,Branco
1.1784685733152391,-0.7618170618471137,5,Branco
0.24092803772746102,-2.078377409202573,6,Branco
0.5407442801271207,-0.2121081476969941,4,Branco
2.3633630610403307,2.1964007956737612,6,Branco
0.08700155332521316,-0.7335318818493824,6,Branco
2.3633630610403307,2.1964007956737612,6,Branco
0.17349608310215572,-0.4666674483130903,6,Branco
0.3138577604909586,-2.313859795618463,7,Branco
1.1591028149821263,-1.0073580702931324,7,Branco
2.673733059071672,-0.11356034944213296,8,Branco
1.108781712710171,-1.2433273942715979,7,Branco
-0.2377216057633219,-3.1075410515369697,8,Branco
0.6084875858324619,-2.5552418536203025,8,Branco
0.19969397104560807,-0.849924456461147,6,Branco
-1.7709339682227783,-1.4198158759139619,4,Branco
1.1025513804754978,-2.278249391753759,6,Branco
2.0234287788710583,-2.5435463636439,8,Branco
-0.2377216057633219,-3.1075410515369697,8,Branco
2.176102063734969,0.5068943067643327,7,Branco
0.6084875858324619,-2.5552418536203025,8,Branco
0.3549094555260814,-0.8105627420774,5,Branco
-0.15780302949632588,-2.9072709673036927,7,Branco
2.165878114651898,0.8201414086438322,6,Branco
0.7531127143709638,-2.2420969525363352,7,Branco
-0.17092660316135105,-2.607482262776399,8,Branco
-0.04165986513633538,-4.00480524085732,7,Branco
-0.4827623670860449,-0.46046945424720814,5,Branco
1.1248899243915034,-1.4460061988195145,6,Branco
-0.023240189160228717,-4.030749839591352,7,Branco
0.5715049977820925,-0.7519977295082075,6,Branco
0.8720414592581063,2.868696671906556,5,Branco
0.9452851074175037,-0.22523353813259817,7,Branco
2.4860626958493395,1.5269787026891959,6,Branco
1.4302760636481326,-1.5266053010615899,8,Branco
0.39061741999559463,-1.2121687012329372,7,Branco
2.4860626958493395,1.5269787026891959,6,Branco
0.4405137423100324,-1.4120775228063631,7,Branco
2.4860626958493395,1.5269787026891959,6,Branco
0.28460003196734174,0.521085801382494,5,Branco
1.7872698894743846,-0.7095714402281251,5,Branco
0.810097507350295,-1.7902333068667964,6,Branco
1.4302760636481326,-1.5266053010615899,8,Branco
1.4240731463487506,-2.3424998230961838,7,Branco
0.9577111339629352,-0.76638682171877,6,Branco
0.9452851074175037,-0.22523353813259817,7,Branco
0.4405137423100324,-1.4120775228063631,7,Branco
0.8720414592581063,2.868696671906556,5,Branco
1.1790187837696533,-1.0448202273445657,6,Branco
0.39061741999559463,-1.2121687012329372,7,Branco
2.4774391631548793,1.525434763996582,6,Branco
-0.02899693048275105,-1.7952127725662546,6,Branco
0.28460003196734174,0.521085801382494,5,Branco
-0.04053256344460172,-0.21218406065372478,5,Branco
1.513393707010316,1.954284517849558,5,Branco
1.513706475620138,2.060696667339765,6,Branco
1.513706475620138,2.060696667339765,6,Branco
1.513706475620138,2.060696667339765,6,Branco
1.513706475620138,2.060696667339765,6,Branco
0.8270986613820042,-2.0204194799036683,6,Branco
0.04883778698520449,-2.241867651836939,6,Branco
2.2467874901092957,2.733622038576492,5,Branco
0.9231341220384748,-1.1296928401482567,5,Branco
-2.003391109182323,-4.59928845021087,5,Branco
1.513706475620138,2.060696667339765,6,Branco
2.0716539935591904,0.9422133783656423,5,Branco
1.8531476103315383,1.421218541844933,5,Branco
0.8753647852373306,-0.412835509236947,4,Branco
0.7640970400682106,0.6406757748585721,6,Branco
1.2347550199146484,-1.6493768703558007,5,Branco
0.40412140212709363,-0.2511790818749887,6,Branco
1.513393707010316,1.954284517849558,5,Branco
2.203226129015186,0.7519053898989958,5,Branco
0.32654775596485996,-2.0142771475215966,7,Branco
-0.2622571270687463,0.1971852297483446,5,Branco
-0.3038817378593335,0.211200840751075,5,Branco
1.3402128274526468,-1.166167243315797,7,Branco
-0.17725246939879397,-1.9705385610876607,6,Branco
0.7295806412252357,-1.5525674577679056,6,Branco
0.7332303730939586,-2.842912866560742,7,Branco
1.3402128274526468,-1.166167243315797,7,Branco
0.015716942187768587,-3.063301302319237,7,Branco
-0.2852298145067794,-0.745989734080697,5,Branco
3.086131326849804,2.3548009245494073,6,Branco
1.8463851130582045,-0.4696384136036617,6,Branco
-0.2852298145067794,-0.745989734080697,5,Branco
0.2683254901725768,-2.3280220186143423,6,Branco
1.2114436463349623,1.3396464593736188,5,Branco
-0.49958994864125356,-2.1559182179798766,6,Branco
-0.4239970984743091,-1.3460604316235656,4,Branco
0.9344766530341739,1.6956084331158894,5,Branco
0.3774598031545234,-1.94451244018585,6,Branco
2.117890106041694,1.6797984100448393,7,Branco
2.117890106041694,1.6797984100448393,7,Branco
2.117890106041694,1.6797984100448393,7,Branco
2.117890106041694,1.6797984100448393,7,Branco
2.117890106041694,1.6797984100448393,7,Branco
2.117890106041694,1.6797984100448393,7,Branco
2.117890106041694,1.6797984100448393,7,Branco
0.8189294547028483,-1.73745512611348,5,Branco
2.9255780888283724,1.6510038374506717,6,Branco
1.445676810185984,1.1906756867696537,5,Branco
0.44718508711278904,-0.7007667456567787,6,Branco
2.117890106041694,1.6797984100448393,7,Branco
0.062470185304672604,-1.452347784298453,5,Branco
0.6947377399941448,-1.293532519431189,5,Branco
0.593391033380661,-1.2626084565840927,5,Branco
-0.9164683701163587,-3.0829446783540515,8,Branco
1.7664862727598372,-0.6394375343592528,6,Branco
0.062470185304672604,-1.452347784298453,5,Branco
0.6947377399941448,-1.293532519431189,5,Branco
0.593391033380661,-1.2626084565840927,5,Branco
1.7664862727598372,-0.6394375343592528,6,Branco
0.987586956277378,-1.0692563939861324,6,Branco
0.6191263376479793,-2.140255811374086,7,Branco
0.07759569114713075,-0.6438909387018956,5,Branco
0.04759147863115944,-1.9974436882022537,5,Branco
-0.9164683701163587,-3.0829446783540515,8,Branco
2.1174895570828136,1.3680454385373737,5,Branco
2.1174895570828136,1.3680454385373737,5,Branco
2.1174895570828136,1.3680454385373737,5,Branco
2.1873505080852587,0.1572953644512665,6,Branco
2.1174895570828136,1.3680454385373737,5,Branco
0.046379083351552365,-1.6068548310087964,4,Branco
1.9220901045904937,0.09371230497385706,6,Branco
2.1873505080852587,0.1572953644512665,6,Branco
0.46720793380259323,-4.069501093390799,5,Branco
2.2823756646310427,1.5732036546941452,5,Branco
0.908724645570845,-2.1513710258611702,6,Branco
0.4434190877761591,-1.0883806793399877,5,Branco
0.908724645570845,-2.1513710258611702,6,Branco
0.24514271123705014,-2.1985196803756586,7,Branco
0.1556747020147931,-1.490159501841765,7,Branco
2.2823756646310427,1.5732036546941452,5,Branco
1.1177188967314002,-0.8863661757369732,6,Branco
0.9392093637054195,-0.665540406028628,6,Branco
2.150336033111936,0.7736259816907046,5,Branco
1.3594181700794876,1.3352789588395775,6,Branco
-0.16910254708978878,-3.535823087848596,7,Branco
3.014231884641671,2.047303366035013,5,Branco
2.1201787434648485,0.7588393937603797,5,Branco
2.2983658933783544,0.8553712595646239,5,Branco
2.232801494937943,0.8539967167843774,6,Branco
2.150336033111936,0.7736259816907046,5,Branco
2.062205470189426,0.7807724008068093,5,Branco
1.6889772433532495,0.6330928410524085,6,Branco
2.0453624032612705,0.8855781450261165,6,Branco
0.4445060573044049,-1.0933419946889793,5,Branco
1.3594181700794876,1.3352789588395775,6,Branco
1.4723504733388972,0.9618804130656007,6,Branco
-0.3390839376397622,1.4093460014077381,5,Branco
0.20995626249688576,-0.641516753701694,5,Branco
0.1813424812490426,-1.3058364603531032,5,Branco
-1.1723446494978886,-0.45073582916401284,5,Branco
-0.4165098138402265,-1.2334558298060883,6,Branco
0.20995626249688576,-0.641516753701694,5,Branco
0.7813074575754559,-0.6653709451716563,6,Branco
-1.1723446494978886,-0.45073582916401284,5,Branco
-0.4165098138402265,-1.2334558298060883,6,Branco
-0.3390839376397622,1.4093460014077381,5,Branco
0.5699275179414777,0.2338417682471502,5,Branco
0.5014621501610484,0.25567517467702777,6,Branco
0.7813074575754559,-0.6653709451716563,6,Branco
1.586906679218678,1.105343692981564,3,Branco
0.29343718192560686,-1.059465085252274,5,Branco
0.20995626249688576,-0.641516753701694,5,Branco
0.1813424812490426,-1.3058364603531032,5,Branco
0.8308100153514109,0.8749733759402464,5,Branco
0.07715418197931172,-1.9682451394312686,7,Branco
0.36161993523220226,0.5851802875028147,5,Branco
0.6435068899810187,-1.4295863777626945,6,Branco
0.7470152892187182,-1.9582026711687655,6,Branco
0.7470152892187182,-1.9582026711687655,6,Branco
0.9990873461614704,-1.3216804236004012,5,Branco
1.6848622300890586,0.6495162979108375,6,Branco
0.9135697630419325,-1.2982383853729123,6,Branco
2.0257603256791072,0.8901240249869256,5,Branco
0.1619870796604853,-1.2345420401006122,7,Branco
-1.1383260804753237,-2.4916156626339507,6,Branco
0.7470152892187182,-1.9582026711687655,6,Branco
-0.10571547901017528,-2.811265013058632,5,Branco
0.6435068899810187,-1.4295863777626945,6,Branco
-0.5618030012156434,-2.0190217128514223,7,Branco
0.9775207103428427,-2.005877147319818,7,Branco
0.5447729312284568,0.13991855678275222,5,Branco
0.5447729312284568,0.13991855678275222,5,Branco
1.966579097755068,1.371644672077404,6,Branco
0.5753427760740206,0.450019200167796,5,Branco
0.4746182433125043,0.15561951154760478,5,Branco
0.2719710381584667,-1.7053439737081237,6,Branco
0.2719710381584667,-1.7053439737081237,6,Branco
0.5753427760740206,0.450019200167796,5,Branco
0.4746182433125043,0.15561951154760478,5,Branco
-0.06684164258319868,-2.085527330731446,6,Branco
2.185130765893205,-0.07193478065566587,6,Branco
0.5933778871589128,-1.732599896571641,6,Branco
0.19537241040882747,-2.3634334787979725,7,Branco
-0.06684164258319868,-2.085527330731446,6,Branco
1.5378881805225055,1.788383662300577,5,Branco
0.5813436254645299,-1.8846301662268885,6,Branco
1.5378881805225055,1.788383662300577,5,Branco
-1.1973176147516,0.941661597754865,6,Branco
-0.6238993116266695,0.7014167395333212,5,Branco
0.5813436254645299,-1.8846301662268885,6,Branco
0.68272357708981,-3.658150009674379,7,Branco
0.15035260557322572,-2.6545573992580835,6,Branco
-0.6080151099329503,-1.7751969029773613,7,Branco
0.1967435903836822,-2.040155881832461,6,Branco
2.0973171651412135,-1.6882665298021948,6,Branco
0.15035260557322572,-2.6545573992580835,6,Branco
0.06041477738164654,-1.5490025184033018,6,Branco
1.4942213764979204,-2.379591096089817,6,Branco
2.1832763045889054,0.7813803599102,5,Branco
2.1832763045889054,0.7813803599102,5,Branco
3.492496618107286,1.3874957330465638,6,Branco
2.991009744679856,-0.29445487537447335,6,Branco
2.991009744679856,-0.29445487537447335,6,Branco
-0.7399623077261539,-2.482522754474622,7,Branco
0.3263659644411248,-2.406153392907857,6,Branco
0.5922677114581103,-0.6448502010939798,6,Branco
2.1832763045889054,0.7813803599102,5,Branco
3.949761535321607,0.9420376163113066,6,Branco
3.492496618107286,1.3874957330465638,6,Branco
2.3017119682323024,0.19484241051656973,6,Branco
2.991009744679856,-0.29445487537447335,6,Branco
2.619088910215456,2.6992617775940184,4,Branco
1.9787772497168439,2.800425446721231,5,Branco
2.01443512235953,1.021498916014801,5,Branco
0.2642438512273412,-0.6139442120336034,7,Branco
2.254762025447565,0.6984818187176255,5,Branco
-0.3859793389613039,-1.562544710083529,5,Branco
1.6702219083106813,1.2954393197179395,5,Branco
-0.8232426602235914,-0.7666071496304366,4,Branco
1.8902418292909673,1.818828121656968,6,Branco
1.8902418292909673,1.818828121656968,6,Branco
0.34711588599773036,-0.9341951988232207,5,Branco
0.7054603372313851,-0.9958242472221881,6,Branco
1.8902418292909673,1.818828121656968,6,Branco
-0.6308804528988001,-1.9617744658635625,6,Branco
0.7054603372313851,-0.9958242472221881,6,Branco
-0.6308804528988001,-1.9617744658635625,6,Branco
1.8902418292909673,1.818828121656968,6,Branco
1.6184287181193526,-0.14055438495544773,6,Branco
0.7918646263588912,-1.097122446482768,6,Branco
0.34711588599773036,-0.9341951988232207,5,Branco
1.7410906860019935,-0.6865713736698457,5,Branco
-0.32219201870581926,-0.3809810183137846,5,Branco
0.06542897412765147,-2.04198620773352,6,Branco
-0.3550424932991596,-2.4926262170855504,6,Branco
1.272423659035517,-0.016577682797589147,6,Branco
2.6472318724152006,0.8347928578666372,6,Branco
0.5963176429156862,-0.7103699039068417,7,Branco
1.7410906860019935,-0.6865713736698457,5,Branco
-0.32219201870581926,-0.3809810183137846,5,Branco
-2.030848270332605,-3.542407797067197,4,Branco
-1.1338211581530346,-0.5552000544015614,6,Branco
0.023624830282999294,-1.9810288427245606,6,Branco
-0.9032757222979035,-3.482494862938268,7,Branco
-0.32492379366406343,-2.085536453686903,7,Branco
-0.32492379366406343,-2.085536453686903,7,Branco
0.17457527180421245,-2.774237176564727,7,Branco
0.8079706468721168,-1.4431314875380752,7,Branco
0.8079706468721168,-1.4431314875380752,7,Branco
1.1406672159399474,-2.388161666980864,6,Branco
1.3637419848741574,1.566341064389939,6,Branco
-0.32492379366406343,-2.085536453686903,7,Branco
-0.14897158163637683,-1.272019395914678,6,Branco
0.8079706468721168,-1.4431314875380752,7,Branco
-0.8480166943695838,-3.5603286591403642,7,Branco
1.1406672159399474,-2.388161666980864,6,Branco
2.0899616321916468,0.9440985421641701,5,Branco
0.1178358836644166,-3.557663842960318,7,Branco
0.29486148870206047,-2.97036007963307,6,Branco
0.28401224263866615,-0.9548069445190352,6,Branco
1.5155939344703584,1.659787725970659,5,Branco
0.17457527180421245,-2.774237176564727,7,Branco
-0.14328264313229316,-0.36776063468006964,5,Branco
-0.14328264313229316,-0.36776063468006964,5,Branco
0.9524396059331819,-0.5160144397277059,5,Branco
1.0710628492492202,0.08945153928224571,6,Branco
0.4542089989748519,-1.8847280128048576,5,Branco
1.4748861706263594,2.2979638917231977,5,Branco
1.4748861706263594,2.2979638917231977,5,Branco
0.38837217714277805,-2.680538480641822,6,Branco
0.1719232107973559,-3.244178956341776,6,Branco
0.6143554369835742,-0.6417232917643725,8,Branco
-0.29825254146933067,-0.23890610883878768,4,Branco
-0.488701975023257,-1.175000538586309,6,Branco
1.7647060833797918,2.186238105547377,5,Branco
-0.1024041761335768,-0.5879850416070223,6,Branco
0.34827724614921896,1.7502128532196397,5,Branco
0.36981018157238127,-1.1861414589971704,6,Branco
1.1098438195100078,-0.6576353632426684,6,Branco
0.8881247346274118,1.0454295667950826,5,Branco
0.6001362796078352,-1.4054596590369903,5,Branco
0.040515631407362945,-1.1965588396711921,6,Branco
0.6065195650608137,-0.16166544365033894,6,Branco
1.1247888502539602,-0.6990680242527274,6,Branco
1.1098438195100078,-0.6576353632426684,6,Branco
0.2876923464958517,-2.6777356902158034,6,Branco
0.5962049365988993,-2.659678482585818,7,Branco
0.7360972965706347,-0.43610866485707905,5,Branco
0.8881247346274118,1.0454295667950826,5,Branco
0.6001362796078352,-1.4054596590369903,5,Branco
1.6466671522355891,2.217481883103849,5,Branco
0.7808354717754546,-1.3978827257805497,6,Branco
0.41176736351933163,-0.7740296106147861,7,Branco
1.6466671522355891,2.217481883103849,5,Branco
0.7808354717754546,-1.3978827257805497,6,Branco
0.4543476613803989,-1.5280905875933455,5,Branco
-0.27457561239718525,-1.4677298908966108,5,Branco
1.067212797658655,-0.5072807049728791,6,Branco
1.067212797658655,-0.5072807049728791,6,Branco
1.4955238946598404,0.9248237389379516,6,Branco
1.7956576390128396,2.6266652870300984,5,Branco
-0.22773237340663247,-1.719325918747475,7,Branco
-0.33397287792222846,-2.104530969825109,7,Branco
2.324019569854021,2.5194463359389836,5,Branco
-0.41186701038539936,-0.5738124811281543,4,Branco
1.1040521496108677,-0.5591699024409432,6,Branco
1.7286632174006047,0.8348920647458162,4,Branco
1.658805151511739,0.8503263458426668,6,Branco
1.0469517052824664,-1.1667534396898152,6,Branco
1.8341986221171322,0.5484562243217833,7,Branco
1.0469517052824664,-1.1667534396898152,6,Branco
-1.1929894327126342,0.8939042565945529,6,Branco
1.7286632174006047,0.8348920647458162,4,Branco
1.658805151511739,0.8503263458426668,6,Branco
0.6183487597540422,-1.768284633205144,7,Branco
0.34734076913238426,-1.4847012563524284,7,Branco
0.5220327612012983,-2.0957121750119625,6,Branco
1.113856161760169,-0.6131208980899776,7,Branco
1.1748304415603619,-0.662645963244594,6,Branco
2.0550967702436984,-0.2841775783813663,5,Branco
1.8597475696650285,-0.35423234704122364,7,Branco
0.6183487597540422,-1.768284633205144,7,Branco
0.9303734929530086,-0.7039248145475375,6,Branco
0.34734076913238426,-1.4847012563524284,7,Branco
1.535041192232293,-0.171531427067565,6,Branco
1.535041192232293,-0.171531427067565,6,Branco
2.786991083537984,2.4380788939558644,6,Branco
0.7133515294527667,-2.1157495667500767,6,Branco
1.535041192232293,-0.171531427067565,6,Branco
2.786991083537984,2.4380788939558644,6,Branco
0.8880864833827737,-0.0818360567682178,5,Branco
0.38799400209378165,-0.7970339154766237,7,Branco
0.46480124639658826,-0.22929011399375213,7,Branco
0.46480124639658826,-0.22929011399375213,7,Branco
-0.7405017411478039,-0.7212661086695142,5,Branco
0.46480124639658826,-0.22929011399375213,7,Branco
0.8830417906231212,-2.7434818723243892,7,Branco
-0.08268925258036622,0.5954108657399249,6,Branco
-0.08268925258036622,0.5954108657399249,6,Branco
-0.08268925258036622,0.5954108657399249,6,Branco
0.7512593479169887,-0.26362619359021405,5,Branco
1.4778587319947585,1.627324200064911,6,Branco
0.4285183304496133,-1.0737183721141945,6,Branco
0.2796685814545503,-1.745575874275743,7,Branco
0.4285183304496133,-1.0737183721141945,6,Branco
-0.29157164663500956,-2.901735476309821,6,Branco
0.7512593479169887,-0.26362619359021405,5,Branco
1.4778587319947585,1.627324200064911,6,Branco
0.8819472040734558,-0.3106916738993487,6,Branco
0.5998023696216015,-1.0104278056469482,6,Branco
0.8830417906231212,-2.7434818723243892,7,Branco
-0.08268925258036622,0.5954108657399249,6,Branco
1.5235949384294858,1.0358927486953535,6,Branco
3.0598148569365384,3.1796410114845597,6,Branco
-0.5082146188537021,-0.3270547329647247,5,Branco
0.8063568015388107,1.067273492394106,5,Branco
0.3525637479239778,-2.0916894538785114,6,Branco
3.0782345329126453,3.153696412750528,6,Branco
-0.5082146188537021,-0.3270547329647247,5,Branco
-0.3704093746892433,0.4600123719328704,4,Branco
0.6475169593515139,-0.047728190897315045,5,Branco
0.8063568015388107,1.067273492394106,5,Branco
1.4126827730572542,1.428570805521693,6,Branco
0.8643762084973556,-1.5898541921671827,6,Branco
0.10058534505381966,-2.143370690790496,6,Branco
1.4126827730572542,1.428570805521693,6,Branco
0.5918971313543092,-0.34348642453345873,5,Branco
0.2893531206104853,-2.821213805311215,6,Branco
1.0790355128175744,-1.004514229428339,6,Branco
0.753431381251113,-1.991970186390013,5,Branco
0.41072759146549737,-0.32185356213584043,5,Branco
1.1213888183803675,1.782874622663879,5,Branco
0.31249275545183797,-0.5127452885898883,6,Branco
1.1213888183803675,1.782874622663879,5,Branco
1.5807204954261334,-0.6224152648070223,6,Branco
0.7804047695532533,-0.5069836218762278,5,Branco
0.8363267193203291,-0.4899482590555485,5,Branco
0.41072759146549737,-0.32185356213584043,5,Branco
-2.3758270371596026,-2.080125771622909,4,Branco
1.3347497407831084,-0.3286739572872888,5,Branco
1.2577178515221075,0.37983663802140943,5,Branco
1.8813224529108639,2.1069132143069096,7,Branco
1.8813224529108639,2.1069132143069096,7,Branco
1.8813224529108639,2.1069132143069096,7,Branco
1.8813224529108639,2.1069132143069096,7,Branco
2.3118297052303127,2.3780755441827517,7,Branco
1.7121968897262645,0.7321574834102722,6,Branco
1.7121968897262645,0.7321574834102722,6,Branco
0.46262217995845095,-1.5525417594672892,6,Branco
1.8813224529108639,2.1069132143069096,7,Branco
0.9944928041544004,-0.8048242341264129,6,Branco
1.2577178515221075,0.37983663802140943,5,Branco
1.8813224529108639,2.1069132143069096,7,Branco
2.3118297052303127,2.3780755441827517,7,Branco
0.9944928041544004,-0.8048242341264129,6,Branco
0.5277594043942019,0.08928761459119557,5,Branco
0.7821825419659706,-1.618348933351612,6,Branco
1.7121968897262645,0.7321574834102722,6,Branco
0.46262217995845095,-1.5525417594672892,6,Branco
-0.5531439531528388,-0.8243006451715031,5,Branco
-0.5531439531528388,-0.8243006451715031,5,Branco
-0.07628958952871497,-1.1669763712888055,6,Branco
0.9395931917739282,-0.532585597707083,5,Branco
-0.3551971734528477,-3.169266911671093,5,Branco
-0.4344823869438592,-0.9541781389216187,8,Branco
1.3756111374361264,-0.7063487627863161,6,Branco
0.00039877875826646353,0.5215325263859206,5,Branco
1.3756111374361264,-0.7063487627863161,6,Branco
1.976628949685708,-0.01958762611057567,6,Branco
1.3002001728442987,0.09233649352035207,5,Branco
-0.22157301627676648,-1.6924129925652902,6,Branco
1.9361985504850017,1.578352619027249,7,Branco
-0.40896770972415114,-0.28670762028149616,5,Branco
0.07589366279877487,0.30893866232825656,4,Branco
1.9797825203549122,0.8768981928953291,6,Branco
0.6527362760819687,0.5669731906436026,5,Branco
-0.3357018263921878,-1.8661364297697323,6,Branco
-0.25048794925670825,-1.8849417073484498,6,Branco
0.7239273689031562,-0.7032044599072701,6,Branco
1.8105272722140788,0.49298943529155637,6,Branco
1.8590530626324733,0.8552830511987347,6,Branco
1.1344540410192563,-0.4012281798140341,6,Branco
0.8003539823950672,-0.928745469445532,5,Branco
0.9556485837646367,-0.3731231340178504,8,Branco
-0.36675135337431874,-1.2989858211138468,6,Branco
0.5998305020923019,-0.16972382375918993,6,Branco
0.6640789076533958,-0.617054331232533,6,Branco
-0.258219600497621,-1.2550161901980794,6,Branco
0.23926724889622852,0.3507154837996235,6,Branco
2.149784977675536,1.6382120733372354,6,Branco
0.552478722806424,-0.4705847284334802,6,Branco
-0.4525169199881311,-0.4147939099530833,6,Branco
0.0004314108861746167,1.5708278155304225,6,Branco
0.2423245006482206,-2.210446286942779,7,Branco
0.0004314108861746167,1.5708278155304225,6,Branco
-0.19861807190734554,0.1631251425418319,5,Branco
0.552478722806424,-0.4705847284334802,6,Branco
1.0037132558530966,-0.9962599078568143,5,Branco
-0.4525169199881311,-0.4147939099530833,6,Branco
1.1509635110827674,0.009704428587210361,6,Branco
1.4186672333362438,0.5195631214131977,5,Branco
1.4186672333362438,0.5195631214131977,5,Branco
0.08948328891518122,-2.4196123321063263,7,Branco
-0.40957144848241667,-2.1251624052489726,7,Branco
0.6518655315873834,-1.3181809851581607,7,Branco
1.2745713217891816,-0.822586386659493,5,Branco
2.333209652079528,0.5347416112120065,6,Branco
0.8484666561228907,-2.035953241527624,6,Branco
-0.10654312391966064,-1.9337735057998635,6,Branco
0.1826122906432477,-1.3749857528400156,5,Branco
-0.471198441603069,-2.4462367482272653,6,Branco
0.034978952257260484,-1.9226800048443813,6,Branco
0.07634109407904889,-2.024849815847217,6,Branco
0.28066628251043674,-1.442532100271105,6,Branco
0.06321987572111945,-2.0088619636489593,6,Branco
1.5162922096464246,2.2034188435943776,6,Branco
1.5162922096464246,2.2034188435943776,6,Branco
0.2218229065866697,-1.9946892382736323,8,Branco
0.4502603476887658,-2.039465029135743,7,Branco
1.872683956757338,1.886119028554725,5,Branco
1.8382233552738012,1.8703642814421575,6,Branco
1.2752896935957296,1.6286447486432727,6,Branco
-1.5571164304059062,-1.701239976851775,6,Branco
0.1534672855481069,-2.0975631732750886,7,Branco
1.3780430099291183,-0.2555004748766175,5,Branco
1.3559665119722604,-0.28060089439763336,5,Branco
1.4114589685845265,0.3658795822530109,5,Branco
2.484916199345686,1.3776087368763736,5,Branco
0.07039711534128598,-3.056246489127015,7,Branco
-0.007485737599149581,-1.367328264743494,6,Branco
1.8282041017597928,0.9190516951858577,5,Branco
1.8282041017597928,0.9190516951858577,5,Branco
1.153907107641315,-0.8902687641111601,6,Branco
0.39481383911555507,-1.9376001191070749,6,Branco
-0.7288248522051666,-1.7048167180393614,5,Branco
-0.9413978234689393,-2.558967311830469,6,Branco
1.8282041017597928,0.9190516951858577,5,Branco
-0.5597363691521147,-2.8623011556069473,6,Branco
1.3989580757470044,-0.49811653901499664,7,Branco
1.641876013402881,0.7950666136291032,6,Branco
1.641876013402881,0.7950666136291032,6,Branco
1.0802319182277367,-0.3987274871662875,6,Branco
1.7924555489310514,-0.49848527875851717,6,Branco
1.641876013402881,0.7950666136291032,6,Branco
1.8419215076732407,0.8041292487905094,6,Branco
2.1075537171450995,1.3860566261983933,7,Branco
1.3989580757470044,-0.49811653901499664,7,Branco
0.7075771736119338,1.0717821737120226,6,Branco
0.6409529541765226,-3.955189230420432,7,Branco
0.15289398312800997,1.5416074577031937,5,Branco
0.6111630175962266,-1.3744689039044804,6,Branco
0.7075771736119338,1.0717821737120226,6,Branco
1.6252880521695625,-0.360705512957924,5,Branco
2.1891915592908693,0.47505492031292035,5,Branco
1.6252880521695625,-0.360705512957924,5,Branco
2.2210033230502058,0.5245032430510892,5,Branco
2.1935051719081744,2.1409718398482194,7,Branco
2.1935051719081744,2.1409718398482194,7,Branco
2.1935051719081744,2.1409718398482194,7,Branco
2.1935051719081744,2.1409718398482194,7,Branco
2.1935051719081744,2.1409718398482194,7,Branco
2.1935051719081744,2.1409718398482194,7,Branco
-0.246420288271239,-0.8401884229042195,5,Branco
-0.509356144147266,-0.9865766310805673,5,Branco
-0.18583959909856002,-2.106071952092909,7,Branco
1.2213604989639082,-2.3418911658497215,7,Branco
0.5870736874985947,-3.1830221313532725,8,Branco
0.24361047310805745,-2.8673414647214863,6,Branco
0.9178522098886611,-2.669758991772334,7,Branco
2.1935051719081744,2.1409718398482194,7,Branco
-0.04516469649916718,-1.8649344497223364,5,Branco
-0.18062792627175508,-0.990841455694473,6,Branco
-0.09277709301438761,1.7906717418144031,5,Branco
2.3947586990864345,1.2476576323042596,6,Branco
0.17998996829718697,-1.0900865654442737,7,Branco
1.4094142129203788,-0.01221812265774908,6,Branco
0.10595352245958219,-1.1609666102913885,6,Branco
1.5567498316250183,-1.7148102318686367,7,Branco
2.8163081528741656,2.343731349489354,5,Branco
1.4617650309088854,1.683764454460594,6,Branco
0.05149179316373785,-1.099327045198345,6,Branco
0.43460943323258866,1.4469336351998967,6,Branco
-0.4944853382530185,-1.998395097460742,7,Branco
-0.6917924171774323,-2.17008632893287,7,Branco
2.8163081528741656,2.343731349489354,5,Branco
-0.7129406894485522,-0.5707874343349502,5,Branco
0.5830752453033348,-2.502781642174558,6,Branco
-0.31436456690918235,-2.037520108142575,6,Branco
0.08240423488243576,0.09322532508648451,5,Branco
-0.35932330229727394,-2.5112589632250533,6,Branco
0.4917642452323305,-1.0496102551352027,5,Branco
0.8909461750361933,-0.6891538995866717,6,Branco
-0.050431133260049034,-1.6517264616435459,6,Branco
0.8909461750361933,-0.6891538995866717,6,Branco
-0.2800376303405639,-2.698030878939827,8,Branco
0.057753758488768146,-3.306515086668791,6,Branco
1.0843366681325464,0.4215439598442165,5,Branco
2.2531831799817557,2.4158184873708226,5,Branco
-0.050431133260049034,-1.6517264616435459,6,Branco
0.043042293075878306,-1.8660975946745422,6,Branco
0.022930715397878318,-1.9205264723115867,6,Branco
0.21815897410097215,-2.5095385849835368,6,Branco
0.6449915997389503,-0.9594369527758643,5,Branco
1.3220131541201865,0.5073582712156315,6,Branco
0.022930715397878318,-1.9205264723115867,6,Branco
1.2693137573150395,0.37939323346450055,6,Branco
0.2596790675414184,-1.7393104012266312,7,Branco
0.11006930983693917,-2.1976261798451735,6,Branco
-0.15892998185069174,-2.065590062642951,6,Branco
0.8851238559584794,-0.3192166045880004,6,Branco
1.668053361798163,1.1697280318843954,6,Branco
0.6960360210684438,0.6181870031603097,4,Branco
-1.5730965586205983,0.23343108534829227,4,Branco
2.274311124306077,1.6687306262561103,5,Branco
2.274311124306077,1.6687306262561103,5,Branco
2.274311124306077,1.6687306262561103,5,Branco
0.38468472273643634,-0.4192494834962889,4,Branco
0.39184289330546285,-0.5583544226844581,6,Branco
2.274311124306077,1.6687306262561103,5,Branco
0.06653413540906386,-2.0543372822791186,6,Branco
1.4230953650349458,-1.5659626348995213,6,Branco
0.38468472273643634,-0.4192494834962889,4,Branco
-1.6198997923365053,-2.8308693809442143,4,Branco
0.5475182507382842,-2.4550474269605496,7,Branco
1.065132415847891,0.07990235571028362,5,Branco
2.2877321573023077,0.5264804157874142,7,Branco
-0.22246914026407583,-1.5353854916286616,7,Branco
1.6988035977924716,0.7912536027237359,6,Branco
0.05980424936260694,-0.8275231316249918,6,Branco
0.2812350646951762,-0.5335551713605396,6,Branco
-0.3812333611680807,-1.92897009682783,6,Branco
0.14865956592033427,-1.4422213058062467,6,Branco
0.5570752320046516,-0.5055418569597587,6,Branco
0.21930046382928806,-1.2448041350690338,6,Branco
0.9621630462814886,1.116572250901759,5,Branco
0.9621630462814886,1.116572250901759,5,Branco
-0.329039180757635,-0.8149431244761914,5,Branco
0.9621630462814886,1.116572250901759,5,Branco
-0.7330548446644639,-1.7126529493874405,7,Branco
1.7254009285227396,0.36404937391159714,6,Branco
1.3504992066226433,-0.9374185305487537,6,Branco
1.4525600742267444,-0.7841473514792149,7,Branco
-0.14403431888010484,-2.2738166656841132,6,Branco
1.522677905485819,2.062276075221704,5,Branco
1.4406705532536668,2.0412125423381458,5,Branco
0.31872216940900566,-2.774799935778304,6,Branco
-0.6620574228391346,0.49370489717694177,6,Branco
0.3994779962189542,-2.2648638509364782,6,Branco
1.1807342313829325,-1.4892768575493276,6,Branco
1.8325208533222648,0.7284725428279696,6,Branco
-0.07788944959104059,-1.0091182123944886,6,Branco
1.8325208533222648,0.7284725428279696,6,Branco
-1.5252855185905105,-2.5642198391345246,4,Branco
0.3301785321311355,0.24740675907435566,5,Branco
0.3330795621853242,-0.2097606379226501,5,Branco
0.3330795621853242,-0.2097606379226501,5,Branco
1.0335034976749986,-2.6702359644489513,5,Branco
1.033614067897755,-2.7335500877931027,6,Branco
0.011582555326373334,-2.925923829259204,6,Branco
0.9883042563849013,-1.452301543779941,6,Branco
-0.13179303094891806,-2.9060879175376515,7,Branco
0.43682179883843697,-0.8119579983659697,6,Branco
-0.2783118611854966,-1.4086487287037728,6,Branco
0.6565935925815961,-3.016015863952593,6,Branco
0.9883042563849013,-1.452301543779941,6,Branco
-0.13179303094891806,-2.9060879175376515,7,Branco
-0.08979289769555235,-2.8971506912491143,7,Branco
1.0241729064494292,-2.478694437374962,6,Branco
1.5229153209097233,1.7819087561228546,5,Branco
2.4514607746805224,0.4391638922209568,6,Branco
2.16952903470178,1.9460591218571026,5,Branco
1.7513763912972036,1.3252578107831976,6,Branco
1.7513763912972036,1.3252578107831976,6,Branco
1.7513763912972036,1.3252578107831976,6,Branco
1.7513763912972036,1.3252578107831976,6,Branco
-0.18037608195208543,-3.728842023477509,7,Branco
1.3372521995980784,0.24307674000124269,5,Branco
-0.2224239665207241,-1.6183396392909675,4,Branco
2.1130101640667966,0.5604290741721788,6,Branco
1.7513763912972036,1.3252578107831976,6,Branco
1.0837067788897612,0.9408444801462048,5,Branco
1.0837067788897612,0.9408444801462048,5,Branco
0.5353313268664933,-1.172369375068535,6,Branco
0.5353313268664933,-1.172369375068535,6,Branco
0.5353313268664933,-1.172369375068535,6,Branco
0.5353313268664933,-1.172369375068535,6,Branco
0.12410500939852168,-0.6536218410228022,5,Branco
0.5417685712528599,-0.6959241971684491,6,Branco
1.2874816875415622,0.9335587690791654,6,Branco
1.0837067788897612,0.9408444801462048,5,Branco
2.2076398173339253,2.3941272091480776,5,Branco
0.2510074718264226,-0.8569224947940592,6,Branco
2.2076398173339253,2.3941272091480776,5,Branco
0.4791465776974563,0.05924764665335818,5,Branco
2.2076398173339253,2.3941272091480776,5,Branco
0.2510074718264226,-0.8569224947940592,6,Branco
0.8676843428337722,-0.39686808344066393,6,Branco
-0.13106282038817776,-2.140481230143737,6,Branco
0.6750206178141167,1.7103554678427342,6,Branco
0.6837246136192943,1.7566978179570647,5,Branco
0.12893251235266226,1.675517641221533,5,Branco
1.4737532700516558,1.0294867052989116,6,Branco
0.6799822327421439,-2.25814377241347,6,Branco
-0.3275138757820305,-1.6049585228142225,6,Branco
0.03862504546278038,-0.6318000607625684,6,Branco
1.809420732106935,-0.2636150931776986,6,Branco
0.05640042904420912,-1.6024398769772699,7,Branco
-0.7095028838122676,-2.1524240271099306,6,Branco
-0.8573221197470597,-1.7616364404631846,6,Branco
2.0742884104551225,-0.03797044283725768,6,Branco
0.5175830837041283,-2.200822575763043,5,Branco
0.6799822327421439,-2.25814377241347,6,Branco
-0.7968710672500623,-1.8681241662786394,6,Branco
0.2595779719169354,-1.7092446395730905,7,Branco
0.24343844484623955,-2.2198180585299236,7,Branco
-0.6470140415485535,1.300531439515304,5,Branco
1.130045308748146,-2.0539326018783224,7,Branco
0.2595779719169354,-1.7092446395730905,7,Branco
0.24343844484623955,-2.2198180585299236,7,Branco
1.7533428142330905,0.6170075505708598,5,Branco
1.7082903009161878,-0.2638919260241033,6,Branco
0.6351785844734624,-0.5793064931956666,7,Branco
0.9669734152979567,-1.2282113859285662,6,Branco
0.5025275114912128,-2.4175149196996046,6,Branco
1.7818320509183199,0.5602883979313865,5,Branco
1.1755205594585763,1.3015440997035062,5,Branco
1.7818320509183199,0.5602883979313865,5,Branco
0.3576081844932147,-0.4058890206420615,5,Branco
1.817455721758367,0.5746736482364966,5,Branco
1.7818320509183199,0.5602883979313865,5,Branco
1.1755205594585763,1.3015440997035062,5,Branco
2.295238519100158,1.9985573615283423,8,Branco
2.295238519100158,1.9985573615283423,8,Branco
2.295238519100158,1.9985573615283423,8,Branco
2.295238519100158,1.9985573615283423,8,Branco
2.295238519100158,1.9985573615283423,8,Branco
2.295238519100158,1.9985573615283423,8,Branco
2.295238519100158,1.9985573615283423,8,Branco
-0.6076622526445598,-0.9536334019158453,8,Branco
2.295238519100158,1.9985573615283423,8,Branco
1.4948848435290478,2.0893181615312573,6,Branco
-0.034510796526148926,-1.6831159732456462,6,Branco
-0.10423405527591714,-1.6571963004583607,6,Branco
0.08666646633664021,1.3474475218808657,6,Branco
0.20704079211854418,-1.1516664713326168,6,Branco
0.08666646633664021,1.3474475218808657,6,Branco
1.4530686893356448,-1.1242481515834446,7,Branco
2.421446677183747,2.3318031372570087,6,Branco
1.141167030863134,2.168277705080203,5,Branco
-0.23052044912875533,-2.193125022896755,6,Branco
0.551372071461,-2.6691821563298204,6,Branco
0.3809777752578291,-0.9049891614094953,5,Branco
0.853247188003612,-1.276023805427629,6,Branco
1.3100929942137074,-0.7460449208456119,6,Branco
0.551372071461,-2.6691821563298204,6,Branco
1.030805847077324,-0.679421325037423,5,Branco
1.4004014810838186,-1.6455979537928895,6,Branco
1.5671936935489017,0.2389376214686045,5,Branco
1.4373846247599364,0.3291021051112711,6,Branco
0.3809777752578291,-0.9049891614094953,5,Branco
0.10228292537324365,-2.020077861902574,6,Branco
0.6957613681003572,-2.7233684884554488,6,Branco
1.1392032145388094,0.8967201288062833,5,Branco
1.4122377462854576,-0.6616813264654748,6,Branco
2.5825673358026138,1.1257245093843828,5,Branco
0.03778054510586467,-2.827398675266615,6,Branco
1.1392032145388094,0.8967201288062833,5,Branco
1.4018415529776296,-0.3245343595272477,6,Branco
1.4122377462854576,-0.6616813264654748,6,Branco
0.05992353647788028,0.029405057429773725,5,Branco
-0.3623925070675889,-0.14711224424305208,5,Branco
0.4917128383286917,-1.5478335874674003,6,Branco
0.06413746088032635,-2.7246309378634828,6,Branco
0.9154659315723702,-0.35862180972031593,5,Branco
1.1548876393477527,-1.0060463351905147,6,Branco
0.37957754096137225,-0.183104853704045,5,Branco
-0.24007361117545548,-1.5057151594901903,6,Branco
0.40700631074747134,0.4703303787712,5,Branco
0.37957754096137225,-0.183104853704045,5,Branco
0.704465610330277,-0.9451300585654883,6,Branco
0.32865060465848134,-1.5238728923735727,6,Branco
0.05441824559563511,-1.4228018896533035,6,Branco
-0.24007361117545548,-1.5057151594901903,6,Branco
1.7027019881967722,0.36710374632234144,5,Branco
1.7027019881967722,0.36710374632234144,5,Branco
1.4171044605921927,-1.0646532003906113,6,Branco
-0.2060813816450461,-1.156289059299215,6,Branco
0.9620347399928585,0.17698476101242389,6,Branco
1.2359843812814968,-0.7752558652139028,4,Branco
2.1283912116572012,1.869543956321612,5,Branco
2.341901717260931,2.4600250422251397,5,Branco
2.1283912116572012,1.869543956321612,5,Branco
2.4204055228193537,0.7043550024730105,6,Branco
2.2573447329462346,-0.12093188129688018,6,Branco
1.1036216849153535,1.2609910688499268,5,Branco
1.6799239517705478,1.435439074120384,5,Branco
1.6799239517705478,1.435439074120384,5,Branco
1.6799239517705478,1.435439074120384,5,Branco
1.1036216849153535,1.2609910688499268,5,Branco
1.6799239517705478,1.435439074120384,5,Branco
0.06633125290148073,0.5246259052849647,6,Branco
0.8432860758899088,-1.6230155996848117,6,Branco
1.9799979335433693,-0.1650430129922935,5,Branco
2.035198214604603,-0.022714775408346318,5,Branco
2.035198214604603,-0.022714775408346318,5,Branco
0.7765887893868391,-2.6712882856335765,7,Branco
0.33596646992976154,-1.5603450153084348,6,Branco
2.072037566556816,-0.07460397287641068,5,Branco
0.7765887893868391,-2.6712882856335765,7,Branco
1.6711723717708071,0.17903751314085894,5,Branco
-0.21392708571375596,-2.541683982077675,7,Branco
0.6865902047233369,-0.45047751926897495,7,Branco
-0.21392708571375596,-2.541683982077675,7,Branco
0.6865902047233369,-0.45047751926897495,7,Branco
1.3009626877085039,1.7375190198990147,5,Branco
1.6696850450991392,0.1725389089864445,5,Branco
0.42590299378650764,-1.4041803290265658,6,Branco
1.8254847159858458,1.9656556275332078,6,Branco
1.8254847159858458,1.9656556275332078,6,Branco
1.8254847159858458,1.9656556275332078,6,Branco
1.8254847159858458,1.9656556275332078,6,Branco
0.42590299378650764,-1.4041803290265658,6,Branco
0.42590299378650764,-1.4041803290265658,6,Branco
1.8254847159858458,1.9656556275332078,6,Branco
1.0295829305046986,-0.08791653792763617,6,Branco
0.991049630804226,-0.03353968608859139,6,Branco
1.4449276976815577,0.8270512646353174,5,Branco
0.5300663403546084,-1.6416133801599508,6,Branco
1.3899248297910205,-1.2194674844024729,6,Branco
2.310650319372613,2.832404647680905,5,Branco
-0.8806565579658057,-2.7996468858199712,6,Branco
0.17068941272493338,-2.4291669049738616,6,Branco
1.3676996690907148,1.3795957733412203,5,Branco
-0.006272667315211933,-1.3553696707592044,6,Branco
0.6959562410129224,-0.5440530384671068,6,Branco
-0.8180871242462289,-1.541295747703451,6,Branco
0.6944689143412518,-0.550551642621533,6,Branco
1.1074548536086122,-1.5513508522823236,5,Branco
-0.3622760640173715,0.05568821099870354,5,Branco
1.1966996788006523,1.991362649469512,5,Branco
0.48743363631302755,-2.7521458002666415,6,Branco
1.1966996788006523,1.991362649469512,5,Branco
-0.3622760640173715,0.05568821099870354,5,Branco
0.5229756367153032,-1.837708623657367,6,Branco
0.5229756367153032,-1.837708623657367,6,Branco
-0.05769318457374933,-4.187242923782033,6,Branco
-0.05945979374882413,-2.5143763334491345,6,Branco
0.0445908652892219,-0.5312695507301097,5,Branco
1.809311949610142,0.018625909554079265,6,Branco
0.8529854850959082,0.6579682087770455,6,Branco
1.5175012918284818,0.24285902738018197,5,Branco
1.0804409955974594,-0.5805016198435607,5,Branco
-0.05945979374882413,-2.5143763334491345,6,Branco
1.8225589801341604,1.6541476046781676,6,Branco
2.2518183931236244,2.1107208717919126,5,Branco
2.2518183931236244,2.1107208717919126,5,Branco
2.2518183931236244,2.1107208717919126,5,Branco
-0.3197837087868452,-2.6150824909224015,7,Branco
0.5976597209377335,-0.6634590151457058,5,Branco
1.8225589801341604,1.6541476046781676,6,Branco
0.05051502816440325,-0.6400026301566705,6,Branco
-0.5301519782406106,-2.6895171108386493,6,Branco
0.46499795136857996,-2.5726119169646005,6,Branco
1.8378227426944864,1.9755932024988077,5,Branco
1.8378227426944864,1.9755932024988077,5,Branco
0.27419446319010404,-1.118261835525849,5,Branco
1.1776833725829405,-0.34915013633508885,5,Branco
-0.14268832622895852,-1.9555165889062982,6,Branco
0.27989678164011106,-1.2963485643202723,6,Branco
-0.10536707496861744,-2.935859075539561,6,Branco
-0.3321039462329727,-2.7284270413534335,6,Branco
-0.9400420365435153,-1.3311246589512866,5,Branco
-2.1278169348471425,1.7946440572280564,5,Branco
1.5162571806992604,0.013819766215175333,6,Branco
0.33929459619686725,-2.616191975081526,6,Branco
0.6117494998414873,-2.763112788797646,6,Branco
1.7040164344026545,0.47671527453960755,5,Branco
1.7040164344026545,0.47671527453960755,5,Branco
-0.3772394315123573,-0.014429151974359488,5,Branco
2.3111785557341094,0.9184477156092433,5,Branco
1.7040164344026545,0.47671527453960755,5,Branco
1.0758938676779706,-2.351128227428393,6,Branco
-0.7101036332060118,-0.9034597212577216,4,Branco
-0.3404000795601441,-0.06631834944242368,5,Branco
-1.1442462170125827,-2.2155651541736923,6,Branco
0.3041512281212671,-0.4981576607011785,6,Branco
-0.1952972910407397,-1.9710534632045373,6,Branco
0.21086248656962825,-2.348722384907385,6,Branco
0.21086248656962825,-2.348722384907385,6,Branco
0.44145803911203374,-2.1196731598198175,6,Branco
-0.4375606646925549,-2.4673989498234894,6,Branco
0.058814161875298955,-1.0142436012970553,6,Branco
0.6885396755266537,0.4436101418760597,6,Branco
0.22984173111543407,-1.7181742396574233,6,Branco
2.66435574983391,1.990858703912085,6,Branco
0.22984173111543407,-1.7181742396574233,6,Branco
0.6869728410047119,2.0889793345031724,5,Branco
0.2728944219678683,-0.5448768633082909,5,Branco
0.011288245801768737,-1.7496781131722334,6,Branco
0.4963011705774142,-0.6896549646747372,6,Branco
0.913257826557914,1.4144475256089801,6,Branco
0.5411015419627616,-1.2564457691490527,6,Branco
-1.1285823031645783,-2.4338736478085563,7,Branco
0.7482942675092761,-0.272105559698899,5,Branco
1.300992825376237,-0.1922940650254323,5,Branco
-0.06607875466633745,-1.6286263557627827,6,Branco
-0.8263712899144431,-3.2048118628042785,5,Branco
1.8967708376140417,-2.0881593354846015,4,Branco
-0.4002770600728875,-0.6063841535413993,5,Branco
0.035018197458324546,-2.6900738860755693,6,Branco
-0.012102953304779956,-2.9151531600304073,6,Branco
-0.012102953304779956,-2.9151531600304073,6,Branco
-0.0777252936031353,-1.59643123674707,6,Branco
1.633022332245758,0.9719134227681817,5,Branco
0.6335508587868365,-1.2063850524206574,6,Branco
-0.5516420477780725,-2.6190225495721564,6,Branco
0.6287990050408727,-0.617679280882886,6,Branco
-0.7168515076910041,0.0468922559875324,6,Branco
1.5355793743890875,-0.5799272118213643,6,Branco
2.320991283143558,0.22780727309080845,5,Branco
1.1010745709503689,-0.47921808120334636,5,Branco
-0.7168515076910041,0.0468922559875324,6,Branco
3.0476950651564927,1.1978285425559976,5,Branco
2.1365366778458648,0.12722976372558656,6,Branco
1.5355793743890875,-0.5799272118213643,6,Branco
1.887645525635847,-0.8517585141726495,6,Branco
0.6287990050408727,-0.617679280882886,6,Branco
-0.01854009253844475,-0.13573182410350468,6,Branco
2.5857947391113814,2.1632821920434333,6,Branco
2.567175599691996,2.2250327332541135,6,Branco
2.567175599691996,2.2250327332541135,6,Branco
0.7449307495524387,-2.393169325371643,6,Branco
1.4591360762341274,-0.034061884771654,5,Branco
0.6822205684119006,-2.798643736742693,6,Branco
2.5124947112084723,2.150158713156215,6,Branco
2.476628506400167,2.2088213769816676,6,Branco
-0.6853243087997987,-0.2768181999480272,5,Branco
1.411175050981718,-0.8438404681089806,6,Branco
0.30725109775921505,-0.1930081456924892,5,Branco
0.27754707931427147,-2.6497379411560464,6,Branco
0.23751278893858846,-3.167698694270514,6,Branco
0.13413659060802316,-0.13997622981604171,5,Branco
0.13413659060802316,-0.13997622981604171,5,Branco
0.27754707931427147,-2.6497379411560464,6,Branco
1.0829473562511984,-2.8666725296116993,6,Branco
0.39051226866921857,-2.0221734062568033,6,Branco
-0.41338676939406643,-2.8109127896887958,6,Branco
1.1698640039553114,1.1134214037105072,5,Branco
0.13413659060802316,-0.13997622981604171,5,Branco
0.07373000966142917,-1.420280474233558,6,Branco
0.20085735765117044,-1.3174837230412977,6,Branco
-0.8051100916338436,-1.3788268747408645,6,Branco
0.29596675529037797,-2.6756825398900785,6,Branco
0.23751278893858846,-3.167698694270514,6,Branco
0.005467161066351024,1.4738497044288004,5,Branco
0.3281113938195621,-1.6543163895330502,5,Branco
2.4151424850970016,1.3880476268354376,6,Branco
0.36680316491378834,-0.8929203820584751,6,Branco
0.2753128650048082,-0.05860752365192688,7,Branco
0.12302812882603781,-3.547234035692528,6,Branco
-0.41121393930300054,-2.637406211864231,6,Branco
1.1081232508625454,-0.8554258632080437,7,Branco
1.076360180528322,-0.9261590040359098,7,Branco
0.39176872106573357,-1.3680897346280783,7,Branco
0.7347011823129401,-0.003280471522670784,5,Branco
1.2566006984666815,0.1573116568819154,5,Branco
0.7347011823129401,-0.003280471522670784,5,Branco
0.006555270953351371,-1.63053816268556,6,Branco
0.2585246038059078,-0.3643966601590067,6,Branco
-0.4843627625846851,-2.8413792795131654,6,Branco
0.23664599170442166,-3.2383969574243765,7,Branco
0.3684570786116445,-3.4512647250680843,7,Branco
0.3157765580420293,-2.4673314509984534,6,Branco
1.0359030780752907,-1.8897161550204034,7,Branco
-0.28687450146353877,-2.221222435695427,7,Branco
-0.21376946099447267,-2.329100031391557,5,Branco
0.9027077024656182,0.6605587206379483,6,Branco
0.28358512450761264,-2.703169272003525,7,Branco
1.9147046224258837,1.7251723366138125,6,Branco
1.676358334977213,1.736816764806107,6,Branco
0.26839234512114984,-2.1212628526067245,6,Branco
0.017590183738515078,0.728739755457255,6,Branco
2.370012836631541,0.858144388610348,6,Branco
-0.22692855535534265,-1.8755414958435144,6,Branco
0.6269188702865178,-1.295434829099513,6,Branco
0.7513716708198619,-3.08306778566905,6,Branco
0.5179420313290108,-0.26549911032414886,6,Branco
0.2744401749260738,-0.8032342727157942,5,Branco
0.7513716708198619,-3.08306778566905,6,Branco
1.1804561114250531,-0.69005587918354,6,Branco
2.1276013127227156,0.832756324832353,6,Branco
0.4893644971762019,-1.5463844254463472,6,Branco
0.3228908228523938,0.3075664683271309,6,Branco
-0.14829474148708835,-2.9712171335247253,6,Branco
0.7949291802517273,-0.1401295462927921,6,Branco
-1.1457372065102582,-1.9890717743281936,6,Branco
-0.4312516106142328,0.05625727822671066,6,Branco
0.3228908228523938,0.3075664683271309,6,Branco
0.08824903337043902,-2.33636219305866,7,Branco
0.11243883721232886,-0.3800027107406364,6,Branco
1.5601214391142955,-0.41546249403547764,6,Branco
2.292724761786001,1.3480565372905233,6,Branco
1.0437396089720266,-2.0027852264979953,6,Branco
1.3236722497985958,-0.6677086071313345,6,Branco
0.11192045675133522,-1.8274162529127704,6,Branco
0.0568371878593246,-0.6704948336253769,5,Branco
1.853051988650574,-0.16392667656338092,6,Branco
-0.6587896178620355,-2.1555506500100696,7,Branco
-1.571609345547628,-2.3370181451250267,4,Branco
-0.651097638797129,-1.507807355088326,6,Branco
-0.4879793963457599,-1.5596660805727183,5,Branco
1.3105495853402085,-0.1824596628375206,5,Branco
1.3564327131137577,-0.2742194545114214,5,Branco
0.59652602135436,0.9034313820381003,5,Branco
0.5301011517751975,-1.5142315836986515,7,Branco
-0.12405797535399946,-0.7803801728105337,5,Branco
-1.1436455468891409,-2.989948104817713,7,Branco
0.527126498431865,-1.5272287920074656,7,Branco
0.1872431222159706,0.5774883065100144,5,Branco
0.5702156294491363,-1.4416371394035168,6,Branco
-0.34174936807665374,-1.28539434938527,7,Branco
-0.28396776727972867,-2.2971245361198975,7,Branco
-0.8161264871853225,-1.5612178101170404,6,Branco
-0.7377463850654576,-2.668466852471331,6,Branco
-0.3150998892711179,-0.2953856224724404,5,Branco
2.20595951647076,-0.15739898987358436,6,Branco
0.3455926328580573,-1.495043855701372,6,Branco
0.3455926328580573,-1.495043855701372,6,Branco
0.03253650527894317,-2.285820393578629,7,Branco
1.4905053469604272,0.07457800526240707,7,Branco
0.1794905301185336,-1.116882689894691,7,Branco
2.20595951647076,-0.15739898987358436,6,Branco
1.3570841908703504,-0.434932863631853,6,Branco
1.5784574385499228,-0.31406368865307976,6,Branco
0.6575357558182612,-0.26823759173846,6,Branco
0.06593503342749209,-0.8942224062675761,5,Branco
0.6976039448502738,-1.7394638061305236,6,Branco
0.06296038008415987,-0.9072196145763897,5,Branco
1.4005271695233648,0.8788217988064152,6,Branco
0.6961166181786032,-1.7459624102849498,6,Branco
0.6616019642553873,-1.3379210304658897,6,Branco
0.016266617712940076,-3.0576034486288797,7,Branco
1.770975436046763,-0.20548134534183002,6,Branco
0.5988231404757178,-2.0779367361745864,6,Branco
1.4916006014182217,-3.7207688847881095,7,Branco
-0.08417543192295093,-1.891170813459776,7,Branco
0.08118956183626297,-2.2856017094067282,7,Branco
0.0674929697825759,0.8832774003134002,5,Branco
-1.4845377225630285,-0.9260064494938356,5,Branco
-1.466118046586922,-0.9519510482278679,5,Branco
0.35678857323068397,-2.5934700465869285,7,Branco
1.6589439391893872,-0.1606893923706118,5,Branco
-0.4649896625552799,-2.8177034050492407,7,Branco
1.8027355825074811,0.03513463286179493,7,Branco
1.8027355825074811,0.03513463286179493,7,Branco
1.8027355825074811,0.03513463286179493,7,Branco
1.799760929164149,0.022137424552981327,7,Branco
0.10437484841829317,-2.507983624746994,6,Branco
0.3387541175218581,-1.749770495605324,6,Branco
-0.8710209942101838,-2.133822714646924,6,Branco
0.6375735636923116,-0.8799468749516207,5,Branco
1.3447743526659286,-1.2699712503014913,6,Branco
0.5946259932593103,-0.6787652032938478,7,Branco
0.6833512832205543,-0.6438827164244263,7,Branco
1.3447743526659286,-1.2699712503014913,6,Branco
2.06182716311864,1.267823090214349,5,Branco
0.6818639565488838,-0.6503813205788525,7,Branco
0.5931386665876398,-0.685263807448274,7,Branco
-0.8547636693917839,-2.0845107902618065,5,Branco
2.1266365528312856,1.6584945397557787,6,Branco
1.3389660295227548,-1.8879887239958457,5,Branco
1.3389660295227548,-1.8879887239958457,5,Branco
0.8039964626664298,-1.493873418059574,7,Branco
0.45981405936383096,-1.843695813945513,7,Branco
1.3115850694890394,-0.7471265236714081,6,Branco
1.2452480819767948,0.7177394710782288,6,Branco
0.8039964626664298,-1.493873418059574,7,Branco
2.1266365528312856,1.6584945397557787,6,Branco
1.3728307281316359,-1.9528751297727236,5,Branco
-0.7889974138456842,-0.9254057055443072,4,Branco
-0.4489711159907945,-3.742739062329476,6,Branco
-0.2363487196137719,-2.4615444133642423,6,Branco
0.6511222588000809,-2.22035730699674,6,Branco
1.2790500545578058,-2.08723157312876,6,Branco
0.3384139687817268,0.6082751732738977,5,Branco
-0.7889974138456842,-0.9254057055443072,4,Branco
2.144810265851191,1.1227538480537007,6,Branco
2.144810265851191,1.1227538480537007,6,Branco
2.144810265851191,1.1227538480537007,6,Branco
2.144810265851191,1.1227538480537007,6,Branco
2.5966823126453935,2.5011320100396954,7,Branco
0.1938897801509258,-0.1515350042634098,5,Branco
2.144810265851191,1.1227538480537007,6,Branco
2.5966823126453935,2.5011320100396954,7,Branco
0.1823561528023613,-1.3534684399689594,7,Branco
-0.8681176624111625,-2.403238581148677,6,Branco
0.1823561528023613,-1.3534684399689594,7,Branco
0.02175109128677717,1.5340313787069348,6,Branco
2.1434753273178386,1.2436413128949921,5,Branco
2.1434753273178386,1.2436413128949921,5,Branco
-0.03934902536681086,-0.21302771724781663,6,Branco
-0.03934902536681086,-0.21302771724781663,6,Branco
0.515130260979397,-2.208057018745184,7,Branco
1.920239565926409,0.8874875575455058,6,Branco
0.68634671415835,-0.7256961980970291,6,Branco
1.0107607388703514,-2.382592797317354,7,Branco
1.0166238767663496,-0.5743324933349276,6,Branco
-0.43121166166663955,-1.0545227801543842,6,Branco
0.7954618792281932,-2.780105416760942,6,Branco
0.3085779864673129,-2.579252445736301,7,Branco
1.0534632287185628,-0.6262216908029917,6,Branco
0.68634671415835,-0.7256961980970291,6,Branco
-0.1680350650367241,-1.5313338221078192,6,Branco
1.0107607388703514,-2.382592797317354,7,Branco
0.6457586221229727,-0.4839363688418694,6,Branco
-0.43276435495989346,-1.6334870645636275,6,Branco
1.0427868353418357,-1.5155772729791146,6,Branco
0.9851377366588561,-0.8096460453434021,6,Branco
0.6457586221229727,-0.4839363688418694,6,Branco
-0.4282541123487292,-2.0615179134909525,5,Branco
0.44769714744541694,-0.06505210897997973,6,Branco
1.2492042613112089,0.32920539004173094,6,Branco
1.8588020107272762,0.6890148481763652,6,Branco
0.44769714744541694,-0.06505210897997973,6,Branco
0.8835777476685096,0.7614852217766089,6,Branco
-1.0211168999312419,-1.7273903641401158,6,Branco
1.2492042613112089,0.32920539004173094,6,Branco
1.4048760482923024,-0.013815221219462232,6,Branco
-1.0212508415640904,-0.9388483934240208,5,Branco
-0.49164668443108434,-0.7769603899682598,5,Branco
1.7055957858931146,-1.1570339662346667,6,Branco
1.7055957858931146,-1.1570339662346667,6,Branco
0.7782983969003489,-2.01793660258401,6,Branco
0.26267955496706513,-2.8449620900054695,6,Branco
-0.36760378744583116,-1.6662665514988366,6,Branco
-0.3758750133852703,-1.6863410074362928,6,Branco
1.6823071534183844,-1.810868083847977,7,Branco
-0.17004223534652196,-2.7589985983262184,6,Branco
0.26119222829539457,-2.8514606941598957,6,Branco
1.5871806474463197,-0.3035639899678691,5,Branco
1.0025515795870497,-1.3379371241117948,6,Branco
0.8441794748477207,-1.3507208500770576,6,Branco
1.7183881062528776,-1.768717094654957,5,Branco
-0.5181553927401915,-1.2914651767995096,5,Branco
8.785410273136298,0.4766713531028982,3,Branco
2.7025980778908387,1.2273082594356197,6,Branco
1.07009254443023,-0.2835812742645777,6,Branco
1.773020405074604,2.1513027992234908,5,Branco
1.5648621149855317,2.1951480471303113,6,Branco
1.7183881062528776,-1.768717094654957,5,Branco
1.5074460779702321,0.6547594410342789,6,Branco
0.1276498420115076,-2.645259314706787,7,Branco
-0.2799709550485319,-2.395395367934351,6,Branco
1.3166789126537735,0.598420680933575,6,Branco
0.3635994869403402,-1.866980864860331,6,Branco
0.22819630279356848,-3.079115068503777,7,Branco
0.22819630279356848,-3.079115068503777,7,Branco
0.8970575834634666,-1.4704695985767098,6,Branco
1.5314713856454292,-0.2961204548932203,6,Branco
1.5314713856454292,-0.2961204548932203,6,Branco
2.068088041105433,0.4999943718947113,6,Branco
-1.0221478554392287,-2.5542162683720426,7,Branco
0.4372695572594267,-2.083043871114918,7,Branco
0.7292293002391941,-1.5227307446443885,6,Branco
-0.63424727363314,-3.443989256948625,8,Branco
0.09686471032350724,-1.743991917826366,8,Branco
0.9836403364561119,-0.594588761179187,7,Branco
2.3437100395113744,1.3084725795154053,6,Branco
2.3437100395113744,1.3084725795154053,6,Branco
2.3437100395113744,1.3084725795154053,6,Branco
2.3437100395113744,1.3084725795154053,6,Branco
2.1905145704973874,1.302543981701443,5,Branco
-0.11167963663263546,-2.920492379186526,7,Branco
-0.19039057338164947,-1.5108426273512994,4,Branco
0.5882496580440458,-1.1191550258961875,6,Branco
0.8969725685602693,-0.8386388648530282,6,Branco
0.16892870650358016,-2.46514841977313,6,Branco
1.816694776904692,0.675664485204653,6,Branco
-0.6110476166921053,-2.1317154841019326,4,Branco
0.8943158407003801,-0.5558855437841985,5,Branco
0.9312471743075592,-0.6104552611997726,5,Branco
1.577557418822037,1.7953230764375192,6,Branco
1.577557418822037,1.7953230764375192,6,Branco
1.9961939062577456,0.8737861778206917,5,Branco
0.33094576601345693,-1.8598222826572777,7,Branco
0.7688005533352278,-3.405173662085617,8,Branco
0.8086444357401674,-3.7334734255871145,8,Branco
1.9961939062577456,0.8737861778206917,5,Branco
-0.36782701946936647,-3.3784539819113326,6,Branco
0.748885532416949,-1.9968252158580733,6,Branco
1.577557418822037,1.7953230764375192,6,Branco
-2.322727145037295,-3.1036180258330495,6,Branco
0.41444981337716397,1.5161095038068635,6,Branco
0.3805994730047831,1.4728993557696655,5,Branco
1.1170328640825182,-1.461787805230833,7,Branco
1.1170328640825182,-1.461787805230833,7,Branco
-0.2897060039728361,-2.648523500978711,6,Branco
1.343062266924303,0.42774897846118903,5,Branco
0.9546734178571235,-0.4135453802742006,6,Branco
0.8239450715545124,-2.2215642226593744,7,Branco
1.1170328640825182,-1.461787805230833,7,Branco
0.33618202238029754,-3.029662753564568,8,Branco
0.7931812931346189,-1.1623298723224922,7,Branco
-0.4857400790982693,-2.7422351676057266,4,Branco
0.9364864028423177,-0.45879886220383703,6,Branco
1.0298106711050314,0.8605893688183675,6,Branco
1.3075250336441588,-0.7413933394945545,6,Branco
-0.026181512900214313,0.5984102093526336,5,Branco
1.084952761768081,-0.8782678295020909,6,Branco
0.3020692590092427,-0.11109527503792219,5,Branco
-0.9469644697205838,-1.3546924525697561,6,Branco
0.8812141720366611,-2.7272931634670425,7,Branco
1.2494953434688827,0.25139522723005286,5,Branco
-0.2853595460962932,-2.005056717266262,6,Branco
-2.417301395532399,-2.2581293575857244,7,Branco
1.985476702788716,0.23426557704183773,6,Branco
0.2178577357036477,-1.5240435501212257,6,Branco
-1.1156064675781714,-2.5414674833008704,6,Branco
-0.2853595460962932,-2.005056717266262,6,Branco
1.2494953434688827,0.25139522723005286,5,Branco
0.2611130859617619,-1.215070399973531,6,Branco
1.0989217075183018,-1.3237671074625013,6,Branco
0.23654852949096938,-1.4913477320095472,7,Branco
1.8758267662387267,0.8966066025482753,5,Branco
-0.005361717191329719,-0.673638070713263,6,Branco
-0.005361717191329719,-0.673638070713263,6,Branco
-0.19291155567466065,-1.4493804232991274,6,Branco
1.8758267662387267,0.8966066025482753,5,Branco
0.6248771259781436,-1.3514471299864994,7,Branco
0.2146196898249129,-1.821973403683066,6,Branco
-0.041937508536689566,-0.9596222255453734,6,Branco
0.15662293958240406,-1.6161256331522207,5,Branco
-0.3739101280746166,-2.042045455594499,6,Branco
-0.32498495430349345,-2.4679299584631553,7,Branco
-0.051960696519577874,-1.8619833259112997,6,Branco
-0.3490515517435025,1.4605648694951567,5,Branco
2.438088044848284,-1.5551067706808237,6,Branco
0.43565145462619453,-1.3690411489520293,6,Branco
-1.4125606064259333,-2.8868423635727107,4,Branco
1.1943729511512284,-1.1424951220058623,7,Branco
1.8675439470415738,-1.6192059142767108,6,Branco
1.0258377921375574,-1.845779609797836,6,Branco
1.3205650676682594,-1.8403579269656491,5,Branco
1.236786019479557,-2.9717432464922324,6,Branco
-1.441440631105306,0.4958416178019697,5,Branco
0.795211743105002,-2.650594079852814,6,Branco
0.21324826330903499,-2.8964761386018822,7,Branco
1.3204575249011767,-0.7276358878401763,6,Branco
1.8365269499029686,0.7588515214154719,5,Branco
1.3204575249011767,-0.7276358878401763,6,Branco
1.8365269499029686,0.7588515214154719,5,Branco
-0.6889051925394011,-1.4674566007049359,5,Branco
-0.6474183817704391,-2.413807708971078,5,Branco
-0.40428635495065635,-1.954258780949105,6,Branco
1.9734268155322965,1.9949020622621738,6,Branco
1.9734268155322965,1.9949020622621738,6,Branco
0.30077600874585025,-0.19929779269363432,6,Branco
1.9500849057696525,0.7785033105342021,5,Branco
0.7377441370345176,-0.898058488384325,6,Branco
0.46878148966649036,-0.8259036061352105,6,Branco
-0.12912993123021108,-2.04761854256724,6,Branco
0.21599669183621736,-2.133812903759769,6,Branco
0.24110151289396958,-2.6662855949902355,7,Branco
-0.24149213525204086,-0.7929992349643257,5,Branco
0.025955166242088403,-2.983587673142601,6,Branco
-0.3813669905498302,-1.773129879582547,6,Branco
-1.3651182901983079,-3.4092434192934715,6,Branco
0.5245028483531659,-0.9053230799155972,6,Branco
0.1659830265802723,0.31970162696675647,6,Branco
1.0761735861806025,-1.6447164640122252,7,Branco
0.1827661967377277,-2.960308567262202,6,Branco
1.875727107745767,1.0700912387165609,5,Branco
0.439356532252982,-2.4658087471027357,6,Branco
0.027950508810595125,-1.2776920842655883,6,Branco
0.059191980393621856,-0.8642737656754472,6,Branco
-0.12627359520296388,-1.6083680046241042,7,Branco
-0.9603004696909327,-1.2147912590506467,5,Branco
-1.1646290107250437,-1.4882084945976686,4,Branco
2.088674755493001,0.7200474363140074,6,Branco
2.088674755493001,0.7200474363140074,6,Branco
1.7277202133415221,0.1761618049964012,6,Branco
0.9853498070131654,-1.9074447436611737,5,Branco
1.1535433494251721,-2.62227358221766,6,Branco
2.1496731968246596,0.6795814618454177,5,Branco
2.0871874288213332,0.7135488321595923,6,Branco
-0.08192059577316475,-1.0913070631108672,7,Branco
-1.6093436905544458,-2.602835601665518,7,Branco
0.7617854783178756,-0.007905786235315224,5,Branco
1.7461398893176288,0.15021720626236928,6,Branco
0.19372969863273368,-2.2866299587923757,6,Branco
0.7875023318252091,-1.848372561765878,6,Branco
0.2600795910827461,-0.785681850137638,5,Branco
-0.06281881744228732,-1.9340559544997626,6,Branco
1.8668454789729303,0.5243905165725519,5,Branco
0.5710885455743844,-0.7226060282663039,6,Branco
0.09004549988978537,-3.545507023634302,7,Branco
0.5125362085591653,-2.8908175807048595,6,Branco
